"success","timeout","failed_images","failed_audio","failed_video","trial_type","trial_index","time_elapsed","internal_node_id","subject","audio","rt","device_id","view_history","stimulus","response","estimated_stimulus_onset"
"true","false","[]","[]","[]","preload","0","7280","0.0-0.0","3b1elyws10djuzg","[]","","","","","",""
"true","","","","","fullscreen","1","10690","0.0-1.0","3b1elyws10djuzg","[]","2397","","","","",""
"","","","","","initialize-microphone","2","11489","0.0-2.0","3b1elyws10djuzg","[]","","a245aeecc0339b94ca3b74e02bb1150e9e1aee21df4e57afe28caa91d36d71b3","","","",""
"","","","","","instructions","3","13131","0.0-3.0","3b1elyws10djuzg","[]","1642","","[{""page_index"":0,""viewing_time"":632},{""page_index"":1,""viewing_time"":1009}]","","",""
"","","","","","image-button-response","4","17650","0.0-4.0-0.0","3b1elyws10djuzg","[]","null","","","images/instructions/timeline_0/1_Barck_Obama.png","null",""
"","","","","","image-button-response","5","18259","0.0-4.0-1.0","3b1elyws10djuzg","[]","607","","","images/instructions/timeline_0/1_Barck_Obama.png","1",""
"","","","","","image-button-response","6","20063","0.0-4.0-2.0","3b1elyws10djuzg","[]","null","","","[]","null",""
"","","","","","image-button-response","7","24570","0.0-4.0-0.1","3b1elyws10djuzg","[]","null","","","images/instructions/timeline_0/2_Leonardo_DiCaprio.png","null",""
"","","","","","image-button-response","8","25215","0.0-4.0-1.1","3b1elyws10djuzg","[]","643","","","images/instructions/timeline_0/2_Leonardo_DiCaprio.png","1",""
"","","","","","image-button-response","9","27023","0.0-4.0-2.1","3b1elyws10djuzg","[]","null","","","[]","null",""
"","","","","","image-button-response","10","31535","0.0-4.0-0.2","3b1elyws10djuzg","[]","null","","","images/instructions/timeline_0/3_Beyonce.png","null",""
"","","","","","image-button-response","11","32167","0.0-4.0-1.2","3b1elyws10djuzg","[]","630","","","images/instructions/timeline_0/3_Beyonce.png","1",""
"","","","","","image-button-response","12","33975","0.0-4.0-2.2","3b1elyws10djuzg","[]","null","","","[]","null",""
"","","","","","instructions","13","35606","0.0-5.0","3b1elyws10djuzg","[]","1631","","[{""page_index"":0,""viewing_time"":851},{""page_index"":1,""viewing_time"":780}]","","",""
"","","","","","html-audio-response","14","37805","0.0-6.0","3b1elyws10djuzg","[]","1469","","","<span style=""color: red; font-size: 24px""> NOW RECORDING</span>
        <p>Please say out loud the names of the celebrities you saw. The names can be said in any order.</p>","GkXfo59ChoEBQveBAULygQRC84EIQoKEd2VibUKHgQRChYECGFOAZwH/////////FUmpZpkq17GDD0JATYCGQ2hyb21lV0GGQ2hyb21lFlSua7+uvdeBAXPFh0Egu3+4th6DgQKGhkFfT1BVU2Oik09wdXNIZWFkAQEAAIC7AAAAAADhjbWERzuAAJ+BAWJkgSAfQ7Z1Af/////////ngQCjRBSBAACA+4P+Mf8Jf92L9aLNFAXQWNYwo9x1q8vruOJ8UoxRNA6MLRMDxsDXvrEVPj472cwS4Gh/VucViM6ul9wAe0P9u4Jo79voqBXgAPbYEBpE8G4tE0Xb5AQJRSGsgqr/n5EzpbzIvVFP0e20R9ibCDbIX22Yx/lENXW4mFFp3AyXRwlPpARsdf8G3jA7wWuTsqheGhE6D5KvlZBVU07wFEqGM+ekOQ3Dyj4sBhSiaDETvmlm2dcNB5z49fDVD6iLNG+j19GUuo1rq9L2VX7VqDro+vBAAAAAAAAAAAX8Z2orsA2rWe1GmlvqTMSrDjCNq3JYtdk69tvRNdc+LR9qNMI5rfs+XGBjmisL0ypcJuJw7zvnHL5W9kRWfr87Pk+rmU/uZogkMuzricBn+ou3YvtewYE83Cby1C7gajuLgqFFnN6837ttl66mShCEdrJ9g7yTx207mfc+3Jr03KEv1tuTpnBpExua0EB0ksxWNJDFPhyVBFrb/i/DZpRMgNI1DmD5nfZsQ9ik8SzK/xNT8fbpW6TkY4E4T2nehirhk6InXIJP8DfGmcQfNicsS65hmViyRs13dqm5Pkn9yNJPsjoKplJiRP/mROkSYP+sD3wcrrlkNt7nnEIc4Jp+dlaREmeeVWotyEe06MrZe1eW5+Qqt68F8XXYvh+v51ZjGr42YOtfP0dOtEtPyw5GcIXNEJjN8fMHZyPCFIhpliCY90usT82MG6jCsCKg8SyBxd4dC5AvyXYcTygZhz2/6mkjfIS7kKnmtboUQKsSH+6rM9Ta61mF65JVleNi88z0QTD+SzmI7SbdjXorrbaZL5Qyt/dxyFIWv9BXI2H69qAQXxMpg+kJNT5lTw6IIv2cJotmVIX3D6hBxcyEH1eqWZS4A8w5z6oPvDifkKDjs6zCxxp3IJxyH7mTuZus+isLbSoiR2wn+USGaBIv+8K25oHNeNR8KtA8WH7qwUKfzvWngdXVQCDHbbIFZT+VtvLBYC/+Ppsl1RBpFlr+24LFY13lKNYNJWQmdMce4wONZOruOph6FSLkb3084UEkO0DeO3jQKhhGS7uH8wOEAhB2s3mqbNaekcrZ5a3D8GhaViVq76VBRTOi/br2Qym1hXNWJIAAMYFBRm6X99uzY9K0r3TU/42ket++5iUbQOzwbE5bt2n1qqpWGfRcVwSKsZ2Nv3BAGXs0duln+ArBEhoeWnfF5OELJi2Vs9wNkHXZB6tKxZbM5NTePaHlUw6ux0McIJ7/Fbl0nIiiQW1rWPVp8+XCT1Mz5J4tBeV920SdeR18msO9p56jsD4FdKIvsP6hJuTqw+FWZXUahkcp5SwQ8MKZ9ol3NgPNQ78kS/asyus9+K/zvX8TeeVLRIkZMDYLPeAF52SjQ4GBADyA+4P+CvwLYQDsva1YhR1e4W58l12ZgA2lMgqgLSRatm8TLbTTHLzjGs57yEZONaglI0vk2xZo+lggtbDNbfNkVjEH3K+J41eoA+RyRiZP5ba0tJsZUas6Vyl1w0sWIz3/yCtUaram/dFYMa3foluwGRv8THQkyf1rNyZNlCLh3fYc7bzsExpH1sd6p6S1KzJPxshuFLUms0L/Ti3AjEBZ/yIY7aUPQeIckeDSfYnjRrWxQ96B7h+QB6pFeDRjJ94lBWWjDXoMDfCaVuHQuGPNIxPNRtf7p6uFPOI/gr5DaucvuYJUNA2RUoCms92RdMPV0I+rrct+fXpxy3rhDM/UGUWKO3Axwfr6SfDEzO+TQbPGIHcGMujBB+91e9rw9Ps8AuJOFOhjxBJD9WSPYG26gGPIsvcpS8asB19pARHaL+MZIy94iTBEVwCzRJFNB5JQNDa8Ap1E6OdL+0Oh5Of6KdbXF6+cj++aWJH4JEkkb6Y764ONuK2cdB9xNyIc9QrAMYa7x7N0MZzjnscKyXKstxkbjbfmD0TbcfSvVlgcT8+5qSvgV7qHwGU43IeQ3sVBB9MVg+e8oMPM9EXoL7dLIjz6rfxRgoqV3ClZhqZ8qKzyctZusfR5BjiHXUYlyhdunO7nNAy/5RRH+YD40hZDJj9KIlM9q7rEjiY+8LgwGXFCxa8oVxKpXO/0dfXqT1Y98W2VHZ1BhV+MOvgiTdAWY1y55Iitv5rElRKncY2zYvXL64rMLxJMTMrR5ZR44ruo3j8H1Z/b1PH+4YAz7KqG3L/pRmlgL+dlpE+fxrngXtXslC0VV1PN0vGxTbZ3ddcWw6srDdPEoxmC+TjBD6itHVW7y9pqiGEM4izQCq/3FDkX8sUMAiRW7TJBhjNF4ntPXd8orjTaEyIkOaac+cLRMkGpxyQw15BTb2QbOhjVCZjSbbM/XT6v9fUR2uk17N4FtQdEB/tZG56uXMkQu0dwTsSnbH47Qso+6UEbc+49Mao1IV64o7djymn2kOgauoejiNBDg1eMNxEDhDEe5iOz1IJyDSRKcPnfvQsdgdlRQ1HjzhOAewrkFDwocIkYSzxz1IvhRbXNNK4qQk2mSymLR4jW/fUbOLJIHlQA2EtC/xJHgYYNHPITVpjfGO7pQ502kuDVKsBbUIo0V0zVghzANlEiKs3xKPxrSntJjQKjQ8mBAHiA+4P/EPwRYDtmh5kOakNd633CQ0SD77jbiZBfzv829LN5bPzPif6+y9I61q0X8ZtAkBCCHPiFJHtGndL5QHJtIBtf1QRay5gaWWkvPFRCtcuM8nIdVIsNKW5w8lKC7W/842iFNlJUhFztpS8EUMpqp/UmEZbaBlXjaV/N9NY28KCx/Fa+vbzpFsDaeDamirxKlwe7XFzgGclKOCo0sPzntqure4xZM8P8IaufEO4thgyTQ+Sp6Cg8I/Evjdu653uIYuXbzjbGLknb+PLoM61ktMCYveN502yWbds6SSAN/Bg0EgjDZM2Qw110dBaHv/rFk9aTguu6rb+DlwTg5hKfHVRMZJDo8eh4gxpjTQ8q+5hoOz+AObZ6kznS2vg+3/Mw1d9o4wAxMRopFHIDtkiF/OoRAn6/jqUs4OM/2SwbumbSrZzuUGAuSZAjKVUQaokQOTye5UgY9CdZNtwfJygScQYhchQytE91eyzwT6Ddk2SXWO4s7kNerQVg6JaqvJ6NvXvb0FuVkbpI+WncakMxeEqDRcuoQ3MiyoWEAM9WJnTo3bM3WgG1Y4U6JOX65+Jcm/GpU1oL2PZJlsPR6blYmMuE+gYvS+5/bgArlv06zdO1Omm/pmdR/cXpsvuWv9eXxYjlicSothJbrl9mwPQq1mcJmu3mUWONmi64RwG1DFUZpebbX6xAgctB6M39S2C65aM7jIYTZZG2ysdRT2gUFVDHwHIMgC2Uxb80I+i0/YWnAyq5nab6dfJ63ziBSAd/hEf07RT0J3kw8Oi0myQ7Fl62S82sfBPDbdt5Dm8hDenNr5BohGIBqwpzBNSXJNAp3z80IfatCHKrdokFG0qxE1uN5frPXkMDfqw/Cy63pm7BtkJjaBN4rnVtbEbMawY0iYlFV7wGJku8OO6vhL/AgDuKcYwiIXpn7L9ySd4dWxGCSoDMuvT/2mE42Y6JO5JvHaxp3Lmwbtedy7O02Pt9LBkO7Itk5txVfFi4jbGslfVlMfFPAiyjGyifSslKjrnqJCVpPt9vTszqpbIKsJv3L7zXro+njWPWW+t53tyfYCjPPNEYYSHFOT2Mz56pKfbsCRBdt/BeiQWgOoGWib2VyXfHfVmPU6k7zuyM8o/BLeBYq5YCMWhjIzdgtGV/m+im7ZqEVZ1qaENKDsoqSiQNf8ElNa70G0QCHIYVAc/GQMXvexBmHhr6m9mEi3nICKn57tkL8Bb1ABvkYjCwwS95osqzuMgLDReb4nKsN8tZTl3FWSwu+S0siXQgNEWcPZphl5Xh1EOjQ8aBALSA+wNhIOf10cNw4GHpIOrGuAVDNM8GQE/oQc3KURHlY3VauHA2i0DdU6W5+Z6DkmZ13PCs3BnYgZk4EgvjNTzlmBR+gJr6KEJLMDl1zUtegx8gMxBevQsQP8TGv6blVm9+BNg6AWbkx5h7fkzKIRJj0q2bczgcVJDb2iNwTS7a4+Tm/YMrt0Cqoo2a0667eVbns74fTGAYOy/5Se5WLO4KfhCBjrfks83h5p5bpw/jpLPu12miaAt++VnUtIX2Df+pqLfvp7cepbHSZcSPIcX2v1N8JRunpYMZZHUHnNawdvyVIR6VJY46fFksubX/I0MfgOHicPV0UhD3KP0XZy6Z3/4jddI86k+v6TlMNqlT/DVQKCsgvREjLil2GpqMq2HhYCDDWQEdiPzjwbDi02uiX5pXob7hg/IdLhX+ekDu3tYicmBtY5XY30j8qRMsrc5NMAU+eDonAFMj7ydza7hWx/nqERlWEDMEB/RITxuZIHpSmR5+dPSPiQu5YoIbs5h3ihEQlpJ6A7g/ix0+db+LE0ig8KspkI7GBab21wRI/ddEVe8WGhudFqvxYJCOMCUqKBSSMjICBTiBVxpUB+SoNHUmUXOIrXjSJSP52I5VTw4VE2dbOvaoztnQw2pCEav0SuWMkx3oqBThdpXfrSy4BwT+n2AgLatncH0nO+Wlu9fplCEutnDwdWx/EYJcs4WAfftspD+icLHdjEsBy/siM2wQj0JZBecLzQ7POq0gvURFfipEslvyGeCk707cNam3l40US6krkVTx5xgzNH52JwiBAkaDL+SiWTmLWuhNdyEDrAplID2U0wEwEAAnNzm1FKikML88i1lKKjqIYPUvuW/4YG6dFOQwtRT/uyThVrfNl7ByAzwCwyRgoClzouSVF8paaJsIiW6HOutVM0RtUqTgPF5KABA/tER6UZ91R6KVO6Tz+w2K7nJ97PfbBWgorJCp7VcBSlIWyVUWhdBAkg6Vf+GECv6cvDQyiQqdJr+2zGefNIBQsa863CJ4xT7Ap6drfVTmQMZeC/BN50Y4g4WkZQEmOQ9guTzg+xDOYDXo2/Z5bMsfPc/BxwMdQ2+usa/s4c8dVrSKlwkaEFjOWp+HqvbmTHHgv8pNTjNBlXKhL37Kl8DVqsozXWWK6FN65mhOZOxWwk5DVh4eTeYLSfSoZYtUyPBY5muHbr3Twofn38rgFXJuefe7uh7+eZg0h83QkwzRQ4DCx23UVZI4y8FmR7pzTPmSBcF+SEaSVy8WfzZCVKaIeGkJHlDW/2Vf/nWjQ8aBAPCA+wNgawm9sKfiRxfbh4WBE+/WP0nsR+cM7OXIbZYBCyD5QXgZTT9Fki2trwkD66dcmhoHaKa6scgj4SvextCMut5bSPBRikPEhmG2nHWfIQo/1iFowUcTSB3y0lf4vwDvtarjILj9/0CMARV6KC7PsVeBt2c0Bxr/Fm9xJAo+BxJmcQ0w7R2nxJxQBnJ6LZs0I4eNv7vIl2JiVwupvZjFLIbVyGNDoMNWfJRyO7JJ+j49UTsnTIQRLJYx4lIXBk+Wv1eDKT67MZi7dEaWHCpi2PU9cVsDmKR/h8HIZBS13k/wAxNyhlmPY0QbHXg4uiY6S6hiLOpmbQYRRx4RN1DbG/q0HyCTr9K/kaDkTK9YCU/YkZv8yFVT8d7S7mJqsxctJ32zQjVFeAJk7b2xvxS9GsfM/2p0V/5Pw4smmJM1CYjR6WBtwKrMH3c3hffIWFYqOsNwOseCXySp8D96+Wv047zOQJmthMAmk/qt3vzViRUYMmqB6KDPkCqF0xE2jycggcupEY/i/YqHALPEeHWRnYyDCHJfWBmTL1dxWqTh4GTwi0/d8tPYWnJxbwywhMLCXxnWGMzlyll1YnktOipVDeh31mev6mnH1Oq5bzYvGR8C+rgMjtvjrQhfM986hU798XlYs/Q2iBWo6s3PYBG8pkeXKq941B5enGxg9wx0xy25uvf0HUalxqJLZYDlTNB8UgbfzFLg59XRuySm+EOKDb3Ts2vIZU9FijeL0yldIK9uRLeM5bNL7M1aArt5CKrgHIKzrC0TLoCDTs2AKm3rGwwWJuI/yzW7I7b1IixVut8n5lnkT6DYS48t9XyDTQwaipjfrzWg/5onnFFqQzYAGGx5YRuab1E1882rKjsaDqz97rDcZ+C74HpkOH6wfhFeMn7NdYJd18wvJzVxZRXIK6oKTcZiv3zTmaFpvJPchHubD6pvI+K+o5Y8l9mWMoaWC0sDPUTVNJXl+kTsgOCa5omRzUhNbBqL/RdMoD3yKteNakWw7xoMLsnKTDS6nfCFdyuHl7MCCo7meCS3iPc8xNmSlpoD14d3Iry105Djp4c5kCwGH77ONZlOUgnZUOmA+yDFXo3V63Q9iCFbg0o9vxCeR9ta65jyYT3FQZFaXqZx16D4w1ihMbeQdsLkY9zivy0HpLGbiOVbz0k8Xn4yhsVRJkvfEwh7yr7eHko0YjlUHeM4TrxDIYd+V8gJvq3cgP8nGRMm96935nUlQX1LndtFuqyxFmRE3i/hXvU9rIfdd3+1DfPoMKQbFjgdkHWBdb6jQ8aBASyA+wNgMKD3T+uhWMhY42h3CWVM59aW0Ryun0NV0P7YH0sqD+JolMxTWTO7SQt//bwx6VdQcWPeKXr+pVRsgcXsPHe37gHjO4sJiTo2J8FdKwb/iu4b4z2gWwPhSB4UqevHK3/7ISf4IjViRcdg0lT2+pzonU5krkKBeMx8Fmzz5jAi4T05x04pALkKT/UOqBH7XaAoWkyw/YN/av7U0dAAf2An55DEJ16tDq5ckqFAFAsEpV3Rpj4EaKWqBk+fP7EqPRbvwKXdLFqK+nq5u2bBFQsm0EELNN3vpjqHlo3oaftPM2VsPaeqggkvQyYB+MjPeAnMAtZvLS4VoSYzqUIYXpwaO04KSpwf2VvlG5v5dEVgFvBd9sMAFnyoDMXczclCCckUW1C/DM8i2e3YJ4fGWsNRd+gS2wjk+5kfuEHnEYcs6WBtnX6To6esZzvK7Beavps2rjCWfK2CdxbO5SHN5SLd9HuVgdnDe7goa+aTA9fiOLfRX6dCw7g8Bys+Gb3qNbUP7kGa5tlSxWqUlhOxcoaANaY/4K1PtkuWklM3DRHfm5iVnR4xKKaIF3rD4Oj36zoQitXqDgxYrXGPDVodl6No9csqkMKxi+lY0xdYQ93RkumPP1aNJzf+C5ydIF+ERI1aOa+iJmn9fGgrBWvsUMQdHDIEjxmagpkDDr8JNxW601tqO/VQk8+AmYqttlnIzIG4gtYw7j3oeb8lduLTHRrcd/wIPXT9o4Qph+VgwcIJ0+Vb02iGsLOPL0pkN1t6wkAqMwnGVxozqCQ6PGEYEQXacMEqKEYz9w5KoqHFtHf5p7jnf5v+a+rAn6YfzNoVZ9NZ24Gx1WwtmUKH8uqDctYyYSIVPvTp7RiejzmA15+9Xe0DQC3gIOONmH4cRGmZPhssWZUu13C2OYahyUZhTWPR6kYoezeffv3B51f+DG8PZXzZRLFhjxfzlYq+hTRJDTfjxZKpkwEqwvKgVuN5gb2N9DIEl5pT6lWgl2zzxyiEBjSZJQU+1sjh6aU5ISD/J6RsjTtwIPRGUbrvkK4OHmHSwGxvJRnlcTdqEpoHE34zDR/DnKbJMGl+WCb9egxNI0JaRidNgm7fsICeoJuT8SLjRiYX+MoXW2RtG9QycTq/eYMOJt/pPdHF2SPp2Q1+b2NK6i1a9fZiY8+GaQGzsOYc0XOAAMdL76j+5VCiVohixjXweZlpG3DnznGFpgKEu048FmO7rvsV8rRSY1/eEEapWojSYpZATnsSNlIcQiRuLHaNLlgFsZauC6XEeT7l2vajQ8aBAWiA+wNhGxU7RXSyqKvbksAGsfBa7OfxgAZxbh4JtKmutpL9hk/iW0Nkq9P73EaWM0rJ4gyxVG0JqD74xvKcN469QCWwWE21Zlf24Q8GVLLePOLOpOL2ErleWXneh7do/LVUyulxl6DJ+vGqxMT8mAB3ez/Zj+N34GJgoOYHQqIGV65vd8fBksXHx8d9/6aqdytN12DZEKT/TGXA1yt9jboNI8yrJhPpEn5Z8zSbtn4ilppAEqLgnI//nJskhYfGQ9Yav+ER3pv2ZNfROrGUtOzS4Cfani/rWFfNaEWWkURgdbf7b3RnqhtAzRjsEzuCVg/h9hzW6sCD4PXxD/2BGMSYKHspvOJXPvYLYEeeSrwmGMp/sV1c5wTQxcLbKGtGQNpIbj0w9HfMfwqUAJWQH/o8VGXxAMvB84gA8htOc/cPsEXvIGButRfcBTsT4EdVa/w7OCtwj1MYJjtpgoAJF6C/u4dokfrESbhs5iXixTVcUuXRrnt6+Oys2Sc7yzr/iE3xD+FNG4gwwtEaJH9fL6T0h2Kg2MwdjhKPTj7RV2lUgGmXPYQGnQgffP3rBy2yjjWzXgbz7tkZLxq3GbTobhDIOLIhwZ7GIEIJt5K9U3I0jCYEY+nbx+G8I5ueHO6vUkZGYKez250Y9rjchLMN/DJ+LO5Ikd3VrRkymAsl2er7AaaBHIIAntDKj3iNA/hChwpsH+MuZKBfaxvfp5N2fOl/4i0JUZ0aFdwrXWWMHIE9Th/WIDbCza50d2uu5T2+mROABV44Hv1z4YjCvYYeW69SAHVoqgbJzeBfpgC8FJs3xr5rr9+fKTPVIWgUjJXSMZvgqHiAW1tWj/Vimyt7W7aimzh4YDuCOPLIoZfwKmVz5KDGsyC8+rfn9cIMQnivete8VQKWneOvVLtQUw7afV/KoNduLgDWkcTPirGn7IG0pdDW02W1PPjCLNnp/paN0ZUGft3M+4GxyppzCxJCeqzrppAzqVC1MIqxBiUFSC6wrXoOUA9grp3IIikHosqI9ByROWXk/5sGqNJ618Tcvxz0+plVgxYMNXxxZeIZq9pjzjFZU1e0SSpiLxZWE3NL5Oddr8T4cwH4+g7N4QGjjfBhJ+J6ccNxVNWZQL5FU+SGVNTWtb90os6leSZCpPSc5h8i30vJxGpcZNXmck5dt/oVUEbWmQBXiu4jnQUcsZXqtd4F5d73CiDoo5xHnc/pUgvdxQuNXIEtWKn/Foh+h08v3nfL4CxAFqR7a0RfD6UA3WTyN0/7IjLgnhuqMFYoEfwnbcqjQ8aBAaOA+wNgasg7lX4HihckvxuzRJ6N3XQvxeCMW5BvLtTt4lBnWcF2N95+6hWyhlIKvAyi1Tqi8a4dJy/6hnZ3mOAk5FtcgfbHrsYxT+L28Mcm0+pvlzIQLwGE44NS5qeUoCBWbJeOHpY2xJMT6Tw0SMI+5YsMBYlZm0fpQlzd3HxO1QqUN6cOC6rpnM5ubWGIyyuY5xGXqeph2VoAuYOLhHyQ+VII3uv/yS8oUR91CWokB1CI3B5PxtNJQazePMpRm/xEaJ4HBH7npxNoJeIMm8MX2vAY0uZJpeT9o9DFMQg6KloytdNtNXzLkgnWIFkaE9IPMhuiTM7/0x9qbaG4nzpmwbX5mBYbEmIDL+xsS9elyR8mmLFn4cpgTVnatZbtFuLWlsM2GqWst++DbcjdOg9URYCnbgxagOdzjBoL0X+qDrYp8mBupmuawGvby1IV4EAxv2cGBIQwwzGU86m5fX0VSh1mhugl6vbhYVzfzSQMLLiCIJ3scGkoHHjp+8fg6pNkHOsD6HsGka/xjM8SUiyrbFdOqfSI6rHBaIxb/lIRSp1rW7YIwhyFBy3uqhQ51G0MXhddUC4HaUricRHLZv5qh6LMwwucYXMQo9qRVf26Ag9x8ihDtIgWL3fXiHQyHxm8BItGMwhO9D+O884RqVCSBMe5yUY60sCfcLrqPrTxSYXjFnDzqSDmpt5/KtyEgGvrXbik+TUN/YPrBT1EzpLD9VHGNcBP/P6ZKhUwzHp4j8mnbeXPl92zaz32sRi30NsdA71/dDflEhektawPq++Gk+hjwbT50oFM8BlrY2rFp/3hOjNy+sC1ncrc5Q0SFNkHqJK5hU7HJZqgm01HPe4E3X6yYRsHM4NMbXa9eNh9zt3908cr38D/tJKuO1xBriLd5Si7NvSEunOrvx8soPfgcnUzSO++ZUefysUjh0JHAoZE6SZveD5+J7H0OqmGKbQCA0WmIcWiwVEenABD2wtLUa27tTqzPvZc74ZaMj189nnVFjki+xnwu9ypxq2mTngPUPpmugP50V2aonSGeZokAJ7HNA1K7LJeOuCv2MB2XCfXDr1NGFvuwzysWn7UljqgGjCZq4aCnxY9tT7GYF/w3IvxVf9eR2EK9LmphwXr04Glw+YBfiAm8kLNtJV2BySaX8jfd9qJbFW80zD7cN9SvkhTa/52kon7AIlvRlv9QtNZvEliuOjJo+U+G130kPEHVJG4pjm2FFRvy2CBK/5+rkm6DfllE8qGukbPH5mlQT1z5O09ZIumeSGo5oTbReUs31SjQ8aBAeCA+wNgaysihxheLu4xyB6H+VmnH0dbHFKTkZVZ6FNZoF7b90DHlNQXd4DmObRV88qmij9G4viXZ6VmHO3CUFTEiFJxmDqPEJB3JzZH0tvEKNhjjv4F0R+pvqYkpk0yJrRxeYkuqEulKWfMkhIf9L4B8SFwx3OO0U24ifcacK/4bgq17GQdUuMigrmZ6rzIri2ehVtPcn028Tz3DhRyrBben46JoPxbkhwmHgqSIQTMUDL6A+m3dcdpH734g1xmCEC3U9uSMjY7JhvekW04RhKX4eINjZNnnGq5tIh1bxMuyRJGkTq0mvPetCkf2hHgGXeqKCQh5nHi2oOogJ6jYmsLbhcjW9w1dnUOrkdeVs0vZTWvrZroH/6yEUNgnk4kUbJuo23APqPGrKOCFiyydaboxQ1djBDBcOni/AkcR3uaZf81uGEBLToCmV2+/sjNEHDPRyopXj/g8dDZIkEPiCAuwpK91SJSW0zd4IZjkQuJNxa+RpFwvG0sFfxQMn9G5OmNFv31i3ATE3pns5xq78foU31M2OpNMt0pB78wk90UBZuJIeYFABxqdSZF3jijGxLGb99c/1g5D4fjdlm2f2pV4y8ckQB0cwrUqC8QjCWsxE1lECw3u9U9kA8cvZ8dHEsaZ7C2BGT/69b7YsAHwhlWKxHHsEfPaHK8xgrNC+l6UJMeQ+itkuqvrC5CUgZrMnWgUISr9Bl1ym/bhdr51fk0V9ggwwHNnmkeGFdQOOv0PyGmB9HLcGz5fUNnQ3wspyT/3IoqtI34XYeyE2ePpchm37u6OdLpEhVgEbjzDsDVgK5HCngddfALayMt8KSwZJ5Z5YsTWJx5WtGnq1/E/NxI/HjMYC/RcVx6crKcYxV277Tj5Z2E2of3ksywbN4gvxyIqOQ7rkgz770aoxje0VwpX/uCKbvRrXa8/ALeGUKLGiOOt3eN4+JaNJjbZrspQ7SqVqpcwjpKyULcEbagEl+5kq4hgMq6JgSs8pVnuCbaSAfuU7m4wbdnNaAoOTf27eDeObmIfaOELvKE8g0RfOYqMY96MVADFwuLhGckQgKxC+bTK7hzQ1mKQaFS9VmBV9kJ5800oK7XSZCsyduM+BbZ3mzqe4s7/Ztd4w7yrubJTct/Fnl03zUQa06ouevJCH/cAoeqJcGJFk/YP1Abm2a54KhypFVvCNt+ThFvlm8+QhfXd/mIYFMOY00kdQHn0J0q5nMtAmRvk/T7D5qXcnSoUGNlrX4j53wG2KmgHLKR/EKiEuLbFQGD9jKZ/ft5WGtcqbmjQ8aBAhyA+wNgNvzKkgo1PnkOuXg7w7/uFbdd5pswn0ExsHYPps/iHPfsTUGqZ8/noRnrE39SUD5QJzT0yURrf4ZWZlMVQrvgZE9fY/i3EvcVmI00byBpEuRJ+rRa7iJvnBC/jLWoFVSIpI4uEJpFKlllMxi696zlGmvmimfPsuHYlL9a2bAfo+m+3lMJZJRfJs32T2JkYnCgJ8rcxk8lETDG55v0SqfC7yZIcIyT/eOyrs0vy0Bk47FZYLTV3tE0DfP0D5Z1FvZFtDaIQVL3H5e08QOFqGQv8pOVomnlEFP1CDO2G8dCz5llXslkdF0nRgqa+E/3rvgGX8Vbie+bCIQl18KtqaFwMl69mEDxRDqvtOgsxMNyQTKQcQ8XoecE8HYxNchcKf3XZhCurbTSYh49HIueZ/29c7vKP5qwtwtMqDl2Pa+RUGBrbdSjXIYQJdkPUYtxkyULJFRsm9vbn2lxj5lbepVGHulpRI8BbD+UqoiDJY2pjqjHnLeNMy0rs3+NRXKzOAK4ag2UQnnJvHaAMsry8q8Zss8fdlICwF+VAIAsQkUqP/Y+WiVpstcV9PyZS/xoVUHuRHHqnkQxxelMIcJ2khwMD3IZ1CiH3zYjWO56u4din7AcBWUsX+YTEkj/pJytm5kUV3fLS+B5a1hcqDA42GHIdX3bpkd29ocKhWPZiCkVYynBS5yRfulqqH8joABEr7+1oKB7ZzOhiPh5KN2JBXfx7g4BfsAV9AAmhG6AMbiGocxcUuGwRW7BCEbQc2VHkEwfs6qwz9pICS7jk8lmKgYBrC2RTZL5ZPta7c0BWFcHlPQXuGpeITSLwez77jP5bhkTo7ZzfivTlu55E700WZVRYCz9P8gtpEv6QqOWJWBocSsiLY/LSvqw4XYFFHSCA56fa4zWD6j6eqSmASOGB0d6OWj7ZCh03dJJoOUXiLwjtk0WR3vpUnFu6rHml12PPdM8ajDT+Jl7NO9XfoqmU8jSGKJvWFh6pQwTf4i7QBerM1UR9ebuBQzzZvxQgoKZV8720P3HhYgMssjcG+ODYeM0WXt6zxfPfdjNBqXaxcuo2eym4bxeHv8Ziy8D8rp/lTEPob6PEH7YziGLu3uDIfhifLtu+Fj1Qu9UVTvg1nTjBpBOr3hn7ViblLbKH3zj5cON8t4kSD4WJtvGRDlA5lrCIyVi+nETFiTNbQxbfGWsWNwIY/CqLwQH/V4R6g4eyLwvXnHbtNnzz6rlLXCdhhtqXyBB4PHABVf8dN2E0vm8RwzbM02DTpYaOEZfLGTbeMCjQ8aBAliA+wNhAPSzQvPoa9uDh+n9kTwT3wxL7ar33X3pWfX2eK3tttwU6QC+fEI3BrOSqf5SW0Lc1xZdZnq3jhivaDopYDXPv1fYr/ACkuevUrx+paCka0EojNyIlCJe6h7ou90A4/GAHuagZpwdOFTAPVyj42ScQRptRdFuAude2FWjfLnciAbE0EbzcfHeGyZCxuvNuq4pp+JqPPJF8tOLSIR9LXicJqZgS/WJ2Eb6WeMmz1ouYy1n24vNxvRMW4Us1N2qurbX1Yg8pDHAwoHVjyV1sN6TP5mFZs80Xde/xDgQ4+UJA3ySBiPrNUgRMZ7mzcr0xjD5HKayGba5mqd7jn3/AtPQmDBp+SU/28W+yqB2Cvkv3312zS2t9JDMGpD0I0ZRNqEO6a1Ebg15jJxGAUnBv2CMK9Q1K6hsuw0pmyC+Iv40VGEh+iHDeKLpCkKkMJNNl2KqYgsfIvT9DHZCrjoNMuEtHMNnHQdZ0dqF4NhEZsmrdkl6CrUJA5Vn7Ydl49Z7jM9SgEY7S0mMAr1w7AwBoJWeP6wEaoBNtlfN37Hdgoy0E8QgEBKPKQMonBw3ySgQcEFL+LhabH67ZQY7AMgfbP40n6E81VbhRmgo0FPVkrBhY0Qwfhu+AuQJmAYZ7AvenargHRvssgdWnGvdrhgF3XE+sa376cwM2uXxnmdt0869uNDrUCINqMYZcIi+MAF3eOt9iUJfQmTtZJgpmHukTMFsYdas1x3F+uuNd5+FQWFcruk9YTcHokrqZyNMf+8o17n/ece1Yjo/YPx2gv4F/MnmCS/q35F+f88dt63QRFG3KxfB5quxl37HYvYYkjQF0VGkX4cpYV/0OxxFODGwV95qYC/ixAgc9NPsyT0aGkC4qQDRyyixrO9MAzqnz8SYw/7z3GGT/7bs/m6rQ+9YiVDNYbFYk0kLm37A7DNAfpmtJCXhkpRTe0tmefrKiMC3TQt+2jjxMTMQu3KLmmMDvIFjSFVNGN8Nqod9KVOhgNXqvzp13XfLEp2ruCCX/N1preNU2zifr6TsD3ghhhX8M287Ff7E8m0Uys3bIaPW3TrNG8LpF4CJylVjRYD9NhcQKTZRcc1D8dw2kLZvTmN8DzrEvb5KvxYUJaLcjKQk4Bcvq7MhayYAwzHBQX9DqWvGVBE/M4zFBAEYtFkffhpKejQKLcXC5REr5lhSmxTndUs46p8UbqYpkSZ2N2DKxPJk+mtnBL7B+45sHCa90pUVAAoNOBCgTd84W009ppW5xdhW2UN/dfFQj2IdH+0fAcBwCtGjQ8aBApSA+wNhIRYK/bI64AEbhU5QcxA6SpMYgmY461K756Zok9rbmfi3o+vuFliDdJOPMhrHjxZaXwSVNtOXUZ2OojYluQ9MIy5GETqBudUo6TFzLypEkHHnXDEFPNZFlLUUsDK70J7sOVg+6altaEw4OkQhmMIeHZ2jA540rhTYnPF9//1M738rQwLyP4RFyT4HbrcQHEenCGjd4Jtx2FsMUPV4scEYkdmpwCo5nyj7ciO590cLov81ykUOBGfd07VgfX7QMGkjwauIyYFQreMiydwEKanJ9FJMhcy5ixU0GJM6l2Bpzjj7FLnPbla2QZJEIkHMRMcNL+8ZSsersAdbZnYJvQxl/fQsoL0mQiHNMvTrq4Bm1wwRWnVnjM24B3kFQnxnQOkXXJvQF8xkHjoP3fGEaCxc4kINk7suYotLh2HqMh4Wf2ENIR6FkBzMzd1r/TsA+PLMmE51+KH+qn1CjJ3WcdcJ+1Kd1Vw11iAi2uGwEMJa/Zfi3utUko3MceaXgxyvq8s8ZXQT6rlzoDj8BdReoZvfDgByZkZWU0q2vneAkG9AsU4IWKNuWTevdw9QfmSk5fmgqKST9OxC/0/w/wvl+qAcxTDXwJphtB5bQYd/gK/EJ9fGA+VgGkI98BHOEmr53eQSbDmzwiqdNj8n2qBZ4uZnZ3k6e55VNt6leDhMhmH1YmwhHdMpj5lmqmwk4/DRUQkAx22vJ9ox4pS3GZjCzcJT/Hyn6OF+G6BukpYe8LjDWVidSbq8XGjYGdKCGMsMbeC21Ky9jl/Dz5a9cVd8Y9xEPwQeHvg6O0PtrjIPHLTR++kEXd6yyJEg5cq8HBbL8YZvqgUoyFauK+1HTK7WZ3UbYSJp/5jHlqN/gc0JwRNyHFVbR5aWaATU5sfD+uBhX9jgvFHYWVFKuDHu1KipK+iibQdkQCsjQyiB7xwIcB7kQ7enGn3G7fQzA33qWQFI+vwOxdcOGc+uhQ1MFJC7vGY6dyUsn2JfBYFCyWigicC/TRf9KE/aWH8MqscThEqfcA8Bb8fIYBXp99fzWYO59pTNkYa9C8gb/EBWB6+QtoXByRAwH4aM1GbyHgN9a3EDdshOZS1XChGWoceISpws/fKK1ckDRahdABk0QNGMTkukUsZHbCL1pZV+BdLoe28ec4NQsKy/PYQgnFU5AjosAhaFwrGBEK2tjedqPvygsz5UYyorI2jxN7yUkPzdiTGb5fCOYtoZcI04TRRiRBLqgSQ/MFV21FxLwwX8jjE1KJnvFLdsH6OuM7QMXJckx/wesj2jQ8aBAtCA+wNgLemB06ZnQInhJMGznIKDTnbZcRn59xPheap71+EccupMrkCbQT+225xKiIa7C0fvVsTY9bJ+1qaQVJFaBNFK9ZJTOoduxFSDjH+xiYFkv2jlavmOS06tE/fLUhRo3WQp4WWCbBKzT7+7pQOLoIzkxFHF3af9kI+fBlnIak3tqNBPEpxPeB9HBO29kO1V2wDmHDxlPoY08Z5rCSkpw8mJALHM/3u0sOID/6IlGFSByWBuJfeZ61CZT0MNG3e6/FuFg/RrALCvigrDvRzrtdgvNuVLqoSS0Gn5/Rf5QUiAqXWzpJnbhcxtqpypuTjXgXqcwoi4WENSO9MU4HIV1FbfyZyz/lFk10xs35coypLO5KCzqrnkT8n4EYvqvTm4PFoZvln9KxAMj5kZPvFjONVWByd9Cd/qlQX9iDL8AZjc1mBq155YG2Kg7ZkM+n6Fq5jZy4Pvesnm9FSmrIIJ6tYEj8rPJUpmz3ODAQG3Cw41Xl+O/JqhWRThLwGKoE5cfvEPUWpyR7QxeygV5sE+qpSaDqhSodQCDLA3jX99l1t1UsEjgioITST8rPqc4OPLX4A8ljuLBobGhSNkBm/sgU4Po5dQr8oNacaWMQEUYBHgogIoc3sZi/qBu6azGuPltAiQuRl7jCTl9nBxJeZ3R4w2yP0ljL+zCD4TcD1UWsAVgu4uR+emEe1CLUwzwR4+rIYAxdc9oFqeHsz2UX/BZJCsO2xrkwm/U03o2BrPioeHpyyX3DbathC70qIMFKFteX9z6Glzfdb/t8nnMDtjMdOadg8zx5fD0QH9DehfZ/cdYRyDNU5cnxoRKuuIOMmtA+1cmWkO8pRYKjyLYXaeZfHvYSBqu8xn7yYqwOjQpw51hQjK31RM9b9Qg0JewnaUfTfvXmdqE0UyqyFTYpssd6rBA0s3ju0wkLV2Ewxc8PXErWHZQTclV6dGcWps7ENxmMGLLys698nVZO/cK6cik0wI3bj2REw4Jx+LW+lblnRrqCc+fCkwTaMSVI11gmnmw579A8CKjDApBQiB1fREYKWCBbVoALHIKzdMiCpy8OH0x5cSWqAWCkdYMK04L36HFMdbrv4gtXNUyd/q9t+cb6aX4YI7Mjmmw+p9TAG+q9IvsMMqdK+496yFoBIwGxyhmRv2qWCE6y5VOSvNMqXhjNhTXcurZb082gXuELjt3vIpZOr2MFqT86rx+LNkIVS5+3ZB/dQy3Dod8UEcY7sjSfg4g6lUUW7bpIpmpNp4iWLunaNwsANnJRabCrQDC4NMXt2jQ8aBAwyA+wNgPjCNXPWFWqSxgpSY4QxhuOPZskDjarCgWk8ssxeugGLwCQtpT5n1QqWdiiNrU+zfmj3cKetff2A42LjjJ2nEJOnUs3ICNRGY8p98az5kXzL9Ks5sjsrfN3nrIKo3AcY9yT6XbLAfMviJYRRgwf2yUmrUtEYC5lKrV1h9T/WMo+Aful2+A+MEWEvnM1BO3o0c1PV3Ghqmpth3QWxPn4M2WwQCkQzt7sgMGmUAlfc0jTeWA3bysRIUxYaZjlWJjPAWnA2dM9QmF+hrnBjDEyKONEKOQ/lcPSXePcB0NXmKS6KrauJ/fbiqtqE69+PYHjLhjLAgjHvtR917fiEzY41/CKUjbW+OzPACrPbZ/5z3fdKHST+Cups1tUPpKcNcdGNK6cGbk2t7sazeAEbMOYxuL0tQ5RiZ4yozXWPhpPpJyWEiNF9g9aisJAStjD7dvrz9KhJzwX2y1RS1UeNbIb2w0jApLvsI0VRsjRkSa4fnaHfEn6JF0PssF0zPWGLwPmmeW2OBP4Wg94dOQOwvJjpIVdzz43P+ibuYP09El5NLgXKWJxFziWoAI8WU76ulQcIUHqYnLg6TEdmZ0dwm3nuaYXFPLdYbXlSGI6bZi4q+s9jQ18RqIJ6B80USN7CoiqoCk/vRHfReDSJykQLjddi/tqxxvX+DNrjapomf92yy21UADOlEB4fryrhaLsogkQXaOoJN56D8C/MSpwjq2ovA2cX6zIsiOgTUPOU6gQ6V8Pl32GiVxZkLP2ESzX+qXP+xjLi6O7aLACcBrg+Aa1DjfW4qtbbLDCFC+ngj694b4Q2SW2aiRAG54wiPR4Sv+So/DifYVzopHAydOn1RvKS0YSK1W8Ad9WVaciCT07pTc2M0iSLNEQvzzqMnAIv9k/FDT/JqU7hP7r8Ep0d/NE5jKmxRwZY18zLcSK5b/JbdTQhhlzDBCorb+pvDE2Wr9nej6uQWHwE2pana8QIiRyw+cBpUMC59IJ5lxDD0e5ZmZyVUgChdBH35smEIwM5oG2WhmoUibHPwLGUNqDPupFFvP70UKpvR1IDpIdsBuwJU0LiX9/h1dIRY8bgmP1RrJgf8eRloLB40ArsmZ3OeygX7wKAwcXkIp9FPJMBgO2F3QsVXJW8JB1z1f/cv3fl/o/g7AV1fjU6y/7n2SQHmx2IAPfh9jhAFa9M8AaBtwsP26sRxM7mp2iJ7BHMrmquGL2RfhP0G8k9xvaHUKTBa8EfT6heoQbVmzUJZKeTc67liOhKYvfQ+dOmMCBRDMSvgYNajQ8aBA0iA+wNgMKL+8Ep2WHCuonbqMOJ3mwVBQYAQAGAgXq4+7SNAnCf7cFs6rD9tQpKjSJvJyg+Vt/6WDgrA7+8dqfkmVardKyt7b1wuKoI9bFqCINtzzCCXIlRfXy9bf1ReKTFTtGtX/iKZQakGaWA6/vbaWhzmMfXdqy+UbsIdQi6e2iyf/3QOtzmtlDHcBIwEPO+TPkJHvI6FoiKO6piZeBfw1473jBHDwebuevyI00d705HrebynS78fjTLnqpVO+yHXETPuy6+D9XHOQQYCUqxbM44KHKIIm1EN+vGCEapHXg9iIsG3EX+nN8dZWvDwlfdt7BDntAcDVOIJNdsnV7kNaKOjTL+cKA5JHLhC09/Ak2XRMq10RGq9OG3XI2wNnK2B35CL+vnb9M6+KvF8aYkHw6IG3/md0YSxOqoJliFPHROXUWAzvL6cidzoY8g5nZcEBUiQ2y6CW4ZKUR4HapN+iYyeaZdplNhftSEEvbc+nYCO3HNS5NK37Cmn1aUTmKM+YNSubFSaPc3fp0gTsEXulhZ7chjunAgiNhnlcMGtGioe/uWiGW6cXXtw3aeCc5Id2+3G0Rassco6G1iLUd6M5efq0Qifm4/pa/daGBjbT3MHRbYuoLOq66/d81W1Xj80d3SIlghSbD7vry+HTCjNhsyGnx4+VEKGFtJdwnDvwAosuzh9b8rvGceUhaxisfc7tGTkXYsq4X4OQK8I60FdNchw1BnRxrDi9fisstE3js6SHErvteP7f5OrLT+jPnS5BmCunpnw8Zc2ypnhpEjC1nsfAr93ahVQ251yRq/soFCDREwGAuxbxC1E9MogcTo7fNp+VgimDOqTm0BwMUuedv5ZYRkDVd2YzyzyvhWQusnL2vLR1j792lZS79F9phP41FegV5rSsboo89h2F+J5r2tGufJC3EDKgPvfPIYztwBHtAgIMSixYALjbFwlPF8ecTl1x3FOWN5jPriFICWoXf0wZDrUk3lhzWRnqwpuH4rhScKK48ElSx/atRA5wGM8yvFlIh7I0S7fyhXLT9X6hntO2J2zTXMj6gKdFtiy806kDDLc3zQ0L1Ni8ujnwk7LIkr0tyAUnmOxg0xI0eP/DK9SwgxIsEpRlyRL2LTf6mEkEkIIm3drZGrz+iG5VyBmnjA+vrcSdhboG8VjCFkExWk8dOALJJ7bFcG44thBNqPCB4M4tXj1xJCnQ6cy+jkmdH+LqkSo3BOt4jCV+q26pXGqA+FqtCCO3E9uVjQSmzGYaknuqMk1meuMHJA7asBzmzmjQ8aBA4SA+wNhDdjmkcKAvINwW68borEtuOJtIbKrxcgDC/IC0Av1QGtrEs/86Tln/sk7b4fT0nL0g+xiFDgX9H83dAvQZ9HcYcl5Pqs/d+xIoUUuYtntRnXn+VP4zIqq9oc8yXfLmCa7Nrr58WkGqMQgdDpvDTtVj9AY2oBcGD/zTYFZQ80cElz1Bk+mBfXhLLBJ0n6/sf7grfo0cQprLt+6ktrFaoy9FhOGq1K6AuvkJ3SYDT+PtcxqiM9t8OykkMNvq9etOvjPrc0VyF4JL/GbIw5qstY4h4NNyOY1rCCU9zHJuEQ4J29TuKdB6obmBANs8MAZcdo25aAywLlIVQeTyk0xBxyrQyHyELTLYnaKfbRDmLi4lMdGxcOf0juS7J7pAID0b41cCpHst8kpgR5uRBowA9mjJb315rnx+CxLlfM5c/aDzmEbjNNZ7RRvEQJ2FhERkfptwTZoNHAJ5zyV1N+2DL/kSo0pEl8cN0b0mv+/jzRUYTvBK3tAnvng45zlEDyUsFizVhputn/wU9Z5yVnpbs27TgiAyjSuAa6P8FO5MOM+FcF+S6jV8tGqRWb4vGndjP6Ybxo81DWcLSoJQ2G9fGKbGrn9euQONYaj1TgQSREdSlQD05v8GRZJ/+c5s03MD+M5VhxkV47yj/tMEW5MImdpM8wxVvoUqu4f44b4QX6v7PDem5Ph2Ib3adcJSnTuzj+B7J8iF9WHQIDxA9qlFUCt273go8EgyaaS0Y44wzI5B5hdZlD2GkrAUibHDWLsT7GQTD+LaCb7bNokGMvJmnX1bcZHj/A9GM1VtuzeIXupxdokeNOjhW+gEUb3TjDiDLYQv+kKk4tXKg7Dh4L3ErMrYG288YwKMdqDlUxF/Z5O85TuURKxEItxkONk+zb+ogiXXhMp7AU0MmL4Lqudd1/DeXvAXPFLCGiUoQ9YKucE1cs5jJKcKVe8NMvvC41cjBUREw8Ngzv+ywtyGN4hVEmFaNuhy23CCRLnRTcNN0lr/U9M23gowI3VjiTHL0AyD1Hr4mL8hNrVrRp9//snst69QEKXWwXbzwv3pPm9LyzXZeOkHnbUtE+27FxMUxe/YuHWa/eRsvrCKno6TLO83QOWTXFlCJss5+iMwLaWDIv9H3jAhMfuZoSa2OV+iKzZTrTxa2EOsLItv0gEbJELiOEl072LTKIIHn0sa9J6R4RNaTgMIOj0wi7doWMUWS2xGqh8MIWiqnqKDT1CTZGXIH/DXpjqLS02OLxKbJ2Vd6nxwKVUmHVXmlD7HM0ZYEiEyKmjQ8aBA8CA+wNhAPfu0LKa+/78YdocmL/vUeMiBZPGKjG5s0Z5/FqysffMRrjman4g+Y0Yj17qZK4p4vNq8HjYjeHcmLHMerZKSgXBhYg4X+ehswqLSxJIc67EhA26LaFnXmfizUHfr06efEf8KtuRpjVtmdQ1sz24LrIW0mUm7fPVsbtNf+hA9CLtnLB/H1VCfEjUVx2rgVBACSfZPntH1NOKLRLgwyP+YDGbgNX4gJZ3bl5ZqI+e5cK8SVaaLzvJwZu2PAIZlcjJ5syKG/GIpj5sDh+Klzf9OnyPwVH8eCE3VoTTUoShIGfhU/ML9To/FlPmR7wJimy4n8rPFTejJ4feunlaVbt/WqshYC1dh97spzuorr7D5/IXT5WeAtH7mUnYVPRuGXuN3ALcRuNhVAe3XCWQjpRkLTmBCAN+vasdWjsbIWmqHGAv1y9soIuYWAG0Jt3RtC0wGwuzkFUOMx+X9O9veHuJQjW28TbUHMVaqClZfm0L/1bqvgcRL/mw5j4OkdHF06f+61RWrJIbL4Qb6McIH2qyvVrXRW4hv7D84PCuQeeNMcZ36WWEy2yhJ6GnDHFKJLp6Qla0hS7fsvPHn83D5YJre00TauwFUvfK5HCCE07GvKklkcAxaMAj2M6JoMNBltIx46itrAP7T3dJdauzh6xYXDA7VpJNACEqzaXydBQCJsU6bAgx0BO3v/uUkVvqwnL21IGMsTZTq1n8LO9+0dQ/RsUOJPiriwhBbGcUetGaSQf3bnCfPRLShkL9QGR+FxkynyJuY8KE+n3o6dxuqHn7jce+qCxK4V2iZZwsz8mc8agXuJfVAabEQfW/NzTLAgcjXIwgX2EQnCxKgW6sr4igYDuR6RidwN09bgqbJ0YzG/oB2fReK03b0pl6L/3h5p9rmB9TVquU7S3KVaGq1TmH5Pp0oTI19P+CqQjYhDDEb5g8zI45LBSOkHm27/gBO5kxrqz1bF1EQXIEWJoYMznZ4TusoseZ/Y3nhj7XqKJEiZMwIf1uQ0FLZPgn+/k8w1PEBnexAJzkcVI3jgsnR5SU1di+Q7nLkzUrIqmF0KjA+hrND9xXa4e95BT6LYHMddVxLxY/GMMZD2CZF6S1Z6yx1BCf5BMD8qrsMFduilB5t1G+eOChyLt8rB2GjlrVrG8PmMRtpU1P095byV9HFqqIpEnbWziy65LyS9VCSVJeJ/wvUDEDJd1L9bNCWrZi3XCHwAo4qaIEaAQOnfcqaT89bEn3fc0dGU6TyOPluuulSm9HY/7FC3kHCYYk+9+AfeijQ8aBA/yA+wNhDdUBm5U3wcaoegx0Xrf1bfsc4oagYBZTZvxpU1BG4IyQjrhWlz1egarmD6ufSG4iP4IcAPDitmWTj02OvCPrMVpftDnL4/p03jd9i6KBoZQNXuAZ9znaWvQxlPKe7NliPSETayed+jHuolTaow0pWDA2lhWvXq1YD8H3XGQ8FMyDnldwco83lARPEJAD5yRHWAiF3AQbtvanV30EwGOW4TqlACmF3dunPavZjhbO6FWxtJIYmm7MnTi39r6J3OEb5ZOX9VKW6DY98nMWRNYAuLKEMVJQPrAutAOB0A6ly0XyioofzGhP0aL+kWrQUyG11eoWt+d5imvq4WV8+0wF8P6ZZgfNiVQxMZyFf+qFRksnGsWkm5Pb95wh/9bhxv/pkNCQVphjT7JrLbC7yYWA1YDchXMImyw/Z1vQOXupXWGBMJcYTF9/Ws7RYZ+lgQcEIp/+7HDWS+Xg+va0C3Q3TTY0C+HE234aAWWwi1y9SyHHWqf3WI3qkJoUi+xqbcCLCwr9nA7aav8X0yNRuX57rRAxrUQFKAcyqjQijLc2MQ+XEN0MSJ+Gk7PdOHvQzVBTFH/dmn2x3j3dsdpmvDBvPa1VMkPmQNcsB8fFUzS8Vi7w+nWNKXsp+8vxDpyW1cwAsSZUfksxjSV4YA0K5PWL53bjpZAHdNXntbZ+zdbB4d61GvN/LkP+IwMF8pvM3c8Dec2qDm56iwkJxug/hHoOQY8mwx+8eWAAENvWmslOru7QZJnCR1ibaN395q3WrakjgjyPMwI7V+THSX0+edgVXRWqQZC4lkmpDE0PUGCq9mFQV+Up5r5Lb7sPyjwFayAJjHh9ZHvbCiuYAr3FHTXTYRr92Z1VSeqHyEjVssk0M/o6I1g55qHjpGinbaHEMvUsx9YhmnzxXzO/cLZRWkv7KpmlmqD94O89np0s01kdIs4U2SIsj2lxHDxKmPphqPw9AwKtoc40D5Mhz5V1txWSXKl6HTqkPjQK2anqSIWRnsfqTZRY1jUH6EK4HavLTvmNWmQw7Inglc67ZMEwg55IECODw69dhe1OQkSYGpWrstn/WslIaFvZtvufhepW6gZIEGT/KCnegNJj5lvhE2P0JrOlEa9Y2y/mdQl7jgtePvGjPUubcpS+kAoAo4lU6I2+j0vDAxY54Xzs2UqJI8ucpOM5rjNDwWbmfGfgjFMiLOwV5j/8Jfpuei1SNgB94VxNfINVz2cHXVir2s7Yza+vpf86RsfiKKTEeY3dr8KJuyoiKD66uxUoKpVh7Qr5f++jQ8aBBDiA+wNgL9b8m5AsinHIPUBeoH6mO7BmMGCAHPKZHrxDWYdNALcmp/DQqggsQy1/G1n9GTAmRw4q/vEv++zzu/jLx+U7RIh4ZOb9e66jsJtXFE+bTKwuRMA1YZOoqzGRGqgJIeAmjBq6EU/1KHRrsHTFvdQs+dW1Up3BoselvAOJ6TKiWeD5JQz6241o+EuvpEKFEZKCC9GSR3ZWlYVOkYj5ky2zzEKMDu4D51dH8j4APGDeUe7psXhuQiC6D/adJ/O2tlFG/BKKyzLBbBqFGGv+Fa63lamlXS/iFuUv9uPHhKMG5Sqd6zY35owh2IYGErBqTkXPMEMH3HFRMCbXotPut9G49ddXFWc/t+im3c0YXAJkUSroT+OihOVkkvmn33evaqiTRna1421jxikdMGQT/dEQihvxMVwSZBr8eRdaDEYWyWBrHVLJNREIGx1YQj4lzt96+8ko9S8OQqvMG3fe2hI9jJygK2tNl2tL9xMGzbyFDvnvL4nQdVzq0mwO2sxzwB0xnL0HiDjAUgj1N96waIx/x6dsInlqgcRrwYCdxMA5wHSGZ49jGFmo8d6HxWe4Dhi703Fe9u1h5pHoT5T8ENnXjc8R3J2LXBM0nf2f+yTMpp9CT5m3skbHI2gYlV28ElWdQQflDeXlSGcNLsl14iRW3JtN9Sq+YroD7ZbsdhNj/ZU2ZtGSKLAqplwIoN07dRhuq4Zlz+QIQNw4f3lQLlWqapaf5ORdwsNKnD8pfEtu8bj8A3WQwAoztONzBWqPKJ5SIAhEs+F2POp0yEv5Airaq9TvJafvMzcQ8L9dbc3mguVQXvdx8Qgz2TXSYuXfm5Nai0qzqwvDC4CXXE0VQL/dYQDsEJNJ/gQ2f/MtmVWEt2HrCEGcPKTDq/d7DlKeaVOPCYTfUGKiCr9wRShDLCmYkVi9QZSMhUdPxQuXPuyLn6r90xBNJVC3y9MnwO51AOiNoa4yNfK/i/uigf0YrlnbXmrpjyNhAWr9eg61Xk3h1NeUY2hUytGhYoGM2T60RtJP4bcTOT0GHt4FAxlQlaEnWCA85yEs++E+QU740gGAGzXisWv8/V06o+XBKforSv+hrYyzPJVE3P/1zjePMpLWhR2c7FukUMlzyrpb+G3TzEaYo3uOnt2mtQ3iVia4bzIo5KBjhIOX6XYkJXu01fuahaJA3O7CGfjefjYirYToHEAJ5EIAr1GkZPrT0UK/0yKW4QWzn01LU0EG/N3sM0xEDQlqSjEwBgca7xQZfLc1raJDbyxclSqYDFpF557YuVajQ8aBBHSA+wNgMJg166piM50KYmamqQQX5MszND1FU8vdNDrSjQzwq9qw197MxXOSfAL8iEKYBdzOdmgYdCOkNbkLwmTvv40f/eYH3H11W32YzoA9Xp2VBdjkHdD9Z9oP40sxMD1r6JnZ1fMYsRoDC73hn83ZVVn7+DkL2vafPq1Lv5V9iZD3uC09dsllBOCceR6ipEOfMInX9KYAV+LXOAaJpqxz7EqPDSGRXtP/S0xXC9jR/06magfhVnGL0WWISna3NrGkOD08S1egf7PIEDD8CWdzEO2ov0PCNcwJWWd+NZq6BP19zxmQkKachVJ9S+eEZVfocbSHamRo3sDjv6iOns2qliFGs5tlgiP4EuhpYUPYxWn4wXuf0ilL1PJ8lEvNzRdqMNYvDwvtftkoJTzB7bZQUYpX+r64JvrGli4vtQOOBMcYj2EA9LNC9IX3HZP9gbeiunzdsMGyV5tO304e7Ej0M4ZSwOV/zvlzbcp0oZ1IbqGEXT6mzYgjztyai/B1Md+nOskCVYlqNQVV9lKzNbTr77U3TvMvMUUHJCEb+LmVc0MbtFdZGfMOfWZ1nHMm54EtAsJ2a/q+xTxVdTl73GjuXTOXV6BokIz2w7NRgn4ocDCB9GYXCC12bkUJjppBhS66QQktf9WGemuYBYlprb43dCdpeGirZNJJa/lX7QtQXDKCMhjpBJvTBHUl46G17h/OOEWIw35MXyOFfdz9Gyd3lUMgzarO75k2unii7R1p+V5Y+SFI2eb+nqNsfCIZy5y1gGQhB01ljiTqFIAoX25PG1MZigfAGj24f6HgBBJgygY/74+LuFfK0yQpY3LMa54c2qBcBgv337PRijh0ifSDsCNXYSAfwCaouUnCt//8wos0uZLPw782fCbWzHBgy6RugJWiwcdxWQcpf2ow6dj4Kx31q/S3lfdAr8wzH9FVHv5omzDcPwLiHZdlCvqZlR3iSq9eD7XBFNEb9k1TkHaXPQmOeaTtQNtE3wiq5SvLvLZG1YDYmq4kBxTRlB6UIEFihCfGbDsP1fkQi30zJyekRT7nuIQ3/PMEmdc1A5g+gDCZ6wj8Q5QBEobvWIdy5hqL44AZpl864KdjBa69s3UfePN2VqOY43gP5zV3sO5ce53yPrTL/vYdDkeYOPauyJgZwjA4pApiBIoOG0Wg295oZyMHwUP27wDpDN42/VPlp/DJI/dZJ4DwDUL/okxnmeviolaUFDIz3njngWzfZ+goE54koQMn8i1dfiPGVFQ5brpMJ3kZFJ10JZoLHKOzma8ZjJqjQ8aBBLCA+wNgLj9aQQNXgl7NgvJR/ij9IODNz8NM7P0KxwWUs014moHzr+rNJDI/H+rWnWf/oYqQeE1r6y24o/lDsldasyGl8VRtIqPs2tM1FCDa1iS2woPsuYGF16ZHfOG6wOgRkEy9CLmgOJP9x/efrkGFzCNAg4E0fYS99AqMosEk4VSyyJnC9kN07Z+MMFDW6F9t5WGS5lUo0nGDx0vv48uLx5AafYeUd0pK6v+JxPzxPHe4aWg+3ksQywygS77LSdyDUQzgEU6AnfTZvXUcMY0WVnRn5nU5ZbuaSPDnvQBawlTCZPZM3eXnZm94zvsjGscI/2Ek006GVX1bS9e8SyJa6J50TZbA+Rcy/QMpSI43AveeUpHOOVmd/Ta0L3KiZp7uyyjuAlCBHJc7rf1N44Oahms3mVrMpJ06+5j+Z3xzvKTkQGEBIaMgUI+FtzjKA9etOotWc/h7xmGBihLnxVbzH4uuAIGvos2sU2cAaqzwTPLMM0k4IaIGqemopa+Dwhwps+W7X1g4Oy8cAQfjtAAWgslrBgyXkQyDIFw2+KXkXp6awgtS1VrAu9+c46OLZ4qf54I/1ZiDl/X2lWDELjwEacw1HHWhWAB0g4uhIsGEm6hnxD+OQuDGTJfdfq5I7M/MxeQ8RMS/TLkZSCjk9s4JDm+5sIkwD+HDl7Q7yGV7XD5E56DLHMVW5ZuM/a+iBDZ0cpjVjfAcFIdPYF/IgY8cg7Rs99P047EEKiBRkxqngo8H/8FvyD1jkalz3T9Q85a/BVRNVZ6/sZdcrcZsMwn3jf/mN8JiZ27hpo8aE6ysERL27tmhi3Td7c7rJrAf+nl0O00vQJQQesbTrShchd646j/FYQERkXEZlWM5ZKXjMEqSN607DB/4lTqiMiiER9773Z80xO+OasxLn4/vxapgmRxYzhlJjGYZ1s9wdfZqD7wX9QdXxNoLz/fb2qI4dn2oj37pjAG1/Cp4yrbXJjUsMD9p56mYZVJ4JB1iWtZSb8UM7ObLPGFH3oIuS/AJ0KQg5JPmEzAJACZ4QQG4bV4pv2k3cVUtTJreLIiNvT0obFWNHiWSKexmSWlBgpXBKeN4HMBC/prTGP94JNED7aZbgKwoDjTUHAfeKICPNpGVpbPjzkLFw5VK9opFO2NoFIljiei/3Dv/5lmoa5PROIhv3QSFNUL/z2s/EksfTg+hAOoompnSZXeMGV7t06gU+Z+Q/8VkhByPQaE7yC05HnBF0GfJZhMJy/v1wvQmP3rbOOSdPCNId4ALYQMZGjkhVVBI4kejQ8aBBOyA+wNhG4PSs7A1Y0JMDw4uiCX8SfWWHODCf6vAka3KM2C5GsA+qSjl1wJgYMI9k8mOXAqhkVrOx1DlhBi08EPihDYrPbJVrhYoeIshTrRdndVUlDXUqct50/8gy3Wr5hWSkRm45Io7mbSuFF/LaS9Raw6SC0xs2bCG2FhX8t1T3ZpLsB66151oaF0RdeGEK+B6omlc1ESUyQotwuDJxDcfIZMVmWs0Uos1KOHkc2qNfmpin68qlvserL5ElOunKtY1bn4quh6YwWsxHdi0W3TCRADOAcZNzkaES9aUIes2y4JS9svYQyzqmlPZd8svkl3eJU564febmEcwc6MmJE3Ei9ytnLWb+Ma42vhDtXp7FF04nAsItomE4gdF3JeLtlzU3D+NRhuGZTdBAbwh8bTSb2yZg3RCalOye5outT2pElqpnmBq1lNFOuu+/QptN+JWsJrzzrqylV7frcJiQWW3+QJzL+Ujwo4yjUOVcM/HcGR45KFvsrJka0nBjuCbqZltYJxnGMt+nNxLentYLuSWRchPBVmgvYpWrujxZYhS7sYpOIgZ6xtoZ2A85kr1L98nwpsc8JhkcIKlTL0ia/JoaEcitF/kr8lmgAEtQEzHjJyJlhHGfoXWO2IsmIvLJGykvZLX4wRwyY+dWMDeQLuPMReCei/i3FdXqiI4/58ss2+Ar+MmDTq9a15CqJwujBn4fUeH/CFWfmLhMdEaNR146ObkkGUP0yl8Y/Vwr28Ulr1c1DYqYrhnV6trdGhRt8DK8PfrfPDxP/jUwjCjri6DFzs1/JdpQUgFeui5Lh+UcktAGPGPF+0xbqMSKhAPbCHPnHpbKrtZfM4cGx14YgX2Yj3gYTXozaZguAosD91FTIlLznpPS2Pr5+6nL8WjtVrv4tCwBk+0UFzvk5BdA2dOkYWas46zV26gXSOi+3+/J5EjkEUBRHq5JuNvtC50br/dCOGb5b65KNJ2ZE9NNE4vrA5dEP5/niiMcvThJxtYs0rc05Hiw0p9Pk/mQMBmpsxG9jBQUkOGTmuWzuXiZozoSZZcQ3jjHgKCgFsUsK6bCi7HxFlg+01mLXQctwQuoe2gsnJHZ0EQisNcUz5tASFMHpTWhkvZob7gzQyVASDg5qHCyp859gLo+m3pbNUjAAVzibs5q4WZW8gh5idklsiDTcKPzgQnFOFudeve9wdNxFxKjQ/SLIKe2oYtAk/JJI65p0ZtEeLCHftZ8nenK1+qOQ6D4JfaOyMXNUFXANmXH14NO7edJTGZ1MmrGmgVCp+0o+qjQ8aBBSiA+wNhIRsGijcKoj3dxoRa+D8nOW/9y1v6BuAaLX1hdQLPbDW0WwiUoP4nIvHbwulPdQBnmEfl2UuPkU74xbJpSsZ8AQOoyj4OEeu1TUf2OEIWtxb5XC/PADatIEP1jB+8yoToIcjKZvb3f8tEDKJ1+Tux5/XS8YAwjqympR4R/RFl6YnKLqyU1dy1QzTpLEJnMZysAfeFv8Tdu1I2NNsmXHXJVO/zm6y40I71fIEmHxsnfOG21JhnWCNMvdSL7JCnLHN80E8ivnDvroCAHV6CgHei2NEsYhatBsxhJ+HixypKByN5BZ/+1V7kZ49HnaS47+oZdR+CKEgxnTjOUB+9gzcCv8Nmad5ujZiJIBzYu9yPE2Fkz2qgyRsrL1FwpVytvkeGXMtSVD3OKungUA1aRrB/C0pbMiH+HJoaiItHa7IMKmENZSQUawoDNcC2drAARH3DfjTDH4HUeDIiiX8dBePER0rR2Yhvq+p9u1nXvYyDdsF8jfbztzg/hiYi8JVlxOX1fDQkVC+wDatm6zuI4u8tA81Alyv+3NlQD0qg22Pd4w4eaLjlpN3to2BqzJW8UnOo7xSgk9vsKq0VB1ZYOPV3joAJGjMgT2cBPp0X2EHlK1a6tCZcfxyuiduIQJeLvfWQPsPlRU+Y8GKyKK+GI6A05wx4f+Wd2Md/QJ9uNUpHIJW11le5NuhUj150HThHXCprgNEysvXWMEFIm/ZrQdDuQdjNElW+uj+zfNKk0PM8qKdnUVcle3xacFMHkUWLn9nUEG7YkwJTz2X10fBa7K8fPhhNiQlf7D3pd+Q8zTih35RNVSRm5/KBoVE8cLIQY5taRMc8V8IJGTCJRNJfOfubYQA2XhmIZ+eZmTHN+XbGVBvnCkAzt1A432vuihj8Y9cqkyvIagPplUAdSIXPMvXFgWiZxIWVsr8Msg8i86QOtgmEUNsUGXJTJ16pDGjD573vSrCWaHfS+KJIjP9OB1Zcgxz97cTEkxHlo60ZX1oEokFZl7Bhagu3PcxxxzBI66CpHWyvsgX8DPfcA/gh9qVUbe6jQJqngT3aPf2AaYip+3+sHRKOl2VLyFT+g1D6X6zu/6G5s2vfO8xQx2ZYhWBASmtgnT8AcytIB/PiZO/ArAbXcjhJeILgjlqlfsh6D1JvvPNIbVOb/VEbF4j6dJonxHubPB1HoO8RabaYm3BTVcxVzDqxA0K8HO/Q5AkCrKBohGEhLz0BX6vWSsgRmpGpC2+MAPIL3UquS4poQKmeNtlpd70urSscPcUY8arFltOjQ8aBBWOA+wNhIi7WKPAEoTDoDbuyoDq2wUcq3owU+ZfHaU8JfJEh72ltA3Ho6CzDdNgQuxgg//Je+bG06BlB20OQUEM0U19f9e48i5+sYHmqC5/K7iMBRzksvs/ODFzIusVFy+r6HJzK0fC8lkemX6iZmiN37Dw65DqTgzuWOrCcGh1AdpnWxQlVgIu1L0OwyVynVWszAsi9Agpy5LO6WYeIRrkZ96+9mkNFidskcomXx2/7BXNXwjTL/I9JnUAnJxABcBQtTEDfBQoeKk4csSgoUR4K2kR1P1QY5e0Tc/HRhi7LmLlN8DuKJqOsU6UHCm91N9DuFKQxZZfYV/cnkvHt8jbRGGsoZg2EQqB2THnpwbJP4X8ET1iNPE/3ps4jcxoVG8y9X4vGuW3IRg1IvS84hKjjQzwh/aWpOcC/FZn9fR8hbdBg7WBuErnVOdgNow3bRkJNKnXSv2qIC6fvp3W0gUkMQxM9iWVZTgrtmpmMOHnlU5yJ8Vo0+8SUg/zw3ZYMoV6PdeVZNVBIuuFFclVYIyDbOSm5fd7gxEFCrhLyHr1locj4hQB1SfP5YXKe/IuqI4AwNCXaBpg0dQjyLVvcv9vo88j4HO5BCzy5D2TYbilJNCnPB+M5pOPMy1GnmhbYi2DpC7isqHAzgwAHrsTzrXskgak+IwGGYBWxYGkicctp673f9SnvT8V/pL76f9gW0HCPWfRzyMN4aLr7TidpwRcwcLXq6dzwANgmgPMaMckzPmRkHyF2ZA8t0zndC9YteuYmewb93cUPmrbkkWTn31susdwMFACj4W6au8RkDsxSrT0HXXpFkmtMS+0KDQ97GYuT0NWOf+Fs2ZjFCFsyPQtVvdbYYSAspklv1XisOPlr6NPqiqjag2xh7hH0imTXDVb7Nfnnaxp8FlWhD6cSELBdXe6U8W+kcJxHQMnlifPhKfPlcFXMGE9aXr6evSzEppXoQXc//GS7nqLAyRx7+UvelKuVNA+wkFhfaZlgE0Ubh+48uOP+6Gynltsrs7rcmglUXHXfmStdycrp+LBRZC4mKg0rRws3hSfc5LD5sK4em6oc6ylKxON7krCk1xilkhfnsDE3ENSBUPlRmMH32lwMaf+MVkQWNcoohzcr6tyNWY1uZ/eGGlI3Cril0v79zemKZHGR2T3A89eWKSbj7MqDDW+VL1+ODH2+gwp8h7oU6UDCtczLYfuz/y+wtK7531kjMKDLsM6stlL8irzbh3niqu/+Dzq0znj0Vtk49djoKgQn0W4i1xr6Qi4sDcg9fRoH7NqjQ8aBBaCA+wNgasparwjRcCXdvHpfprlssYZf4Eu7dDswPRXqIYHupW/7aWcKIVrKAq8B7T/o+nOylvh+3Zm46tKiBGPFDlMrsXgIYO5jvPTuwkvo8KoS5TtROIg8/Z9SczzNzrVdZK+FIq8qzJzOhIReyzZqHXZ/CGcIumnGM36k0rewaxYHLg5tCnwL/8VEyW1R3ExggYUUXGkMKEhctjmXpHm7hsDHvCO2QDV7ybHbtcPEERSzGJKkVKBDO+FIh8dW/MloaVrFsZHSaPZHAWeZsixhG09MwXV8caod44iW1cPefcQZZPRD8ibqp7CjJfMNIjyRQ2BtoNoJXFmo/s77f70aX2/r//S2lcpAjKzCvdw6IKYJENNwwoXPwAx7b+FPhhsxv+HE1B7sW6feXSeL1bicdTUZDfqEZ4lIQpkedRE/UbshMmEh+/HWOOZyn+50UxcVPpYyFc8UHtG4T+24i0phbUxy1/uZ9q7YCPUEXJ+CKQyOaAUX5cKmHPW2FWvTqxlBnvclJ+2nse7DkNAfqYUhOSc8NfsAarnvd+3gK7O55rKElCsyL3JTfNW5+6VnEOU5h/nU9yiWGwC23qdNCpgVsYX7qRT4AjroJc5U73HrCxq3eo12Qmj2VbhTi+WxeVjpgeDQh6NXlMIMdgsbeZt9eYp/znivMd3JkUJPksA9A2gIoSqCQEaeKMjr5dtakrFVkqfFTlfd7TLfSQkrfgUIJU+zKqgYgUSn6JdPSjULqUfSEXWP1bhih35rAEcqbInEY/tACHArUjH5SAfXtzgJN/wbrVXTc2nas+LykW1TNZrv7h8TB3CPWc0aCJffnY2hhkjZcbQL+DWEmy3GO79St99iYG7BtGBAzQa3IAhSVzt2NPqJq8rMaYoVgynEIUBwb+f/Uq3ZlLd9mFRCNUwTtOXwsy5TZuCOEULpOE20xEW8i3MB1+u4bpHnHt9U9jFueGUidqwiT9yI+T+Q4dQIrbeqSOIgAmlekSs+2Sgi6HVtrvqAwIbEKwBsatWNd+LhM866qSIbEuVSJNdRwRsGBH3jXyCNSHYGA1wHoSrpj5TcFs45WIQRM7TOuAcZ3KWCISUnH6rnvTvQ5vGBx8pt7d1a+TZNlN0kG6OUvio8Aa88qxSXabEWKtlOtxz/nZLuAc71BOFWYR7FXXDxK61jlm9d9pycoeodcx9cijbJ+ii/RB0d9h+VC7FQtzoBj1/4/+AecABwlO9cImherOWN3Fl21QnroqL6hQ+096jALXOO6bHwcesVra0LYae9YoyMoL8=","11"
"","","","","","instructions","15","38342","0.0-7.0","3b1elyws10djuzg","[]","534","","[{""page_index"":0,""viewing_time"":534}]","","",""
