"success","timeout","failed_images","failed_audio","failed_video","trial_type","trial_index","time_elapsed","internal_node_id","subject","audio","rt","device_id","view_history","stimulus","response","estimated_stimulus_onset"
"true","false","[]","[]","[]","preload","0","259","0.0-0.0","p37mvlhrwor3was","[]","","","","","",""
"true","","","","","fullscreen","1","2652","0.0-1.0","p37mvlhrwor3was","[]","1381","","","","",""
"","","","","","initialize-microphone","2","5446","0.0-2.0","p37mvlhrwor3was","[]","","30dd22ab2b37206c966e6cc1697da94970f6bc28a96247bad18d1b2142137ac5","","","",""
"","","","","","instructions","3","12317","0.0-3.0","p37mvlhrwor3was","[]","6870","","[{""page_index"":0,""viewing_time"":1602},{""page_index"":1,""viewing_time"":5268}]","","",""
"","","","","","image-button-response","4","16821","0.0-4.0-0.0","p37mvlhrwor3was","[]","null","","","images/instructions/timeline_0/1_Barck_Obama.png","null",""
"","","","","","image-button-response","5","19523","0.0-4.0-1.0","p37mvlhrwor3was","[]","null","","","images/instructions/timeline_0/1_Barck_Obama.png","null",""
"","","","","","image-button-response","6","21327","0.0-4.0-2.0","p37mvlhrwor3was","[]","null","","","[]","null",""
"","","","","","image-button-response","7","25830","0.0-4.0-0.1","p37mvlhrwor3was","[]","null","","","images/instructions/timeline_0/2_Leonardo_DiCaprio.png","null",""
"","","","","","image-button-response","8","27085","0.0-4.0-1.1","p37mvlhrwor3was","[]","1251","","","images/instructions/timeline_0/2_Leonardo_DiCaprio.png","1",""
"","","","","","image-button-response","9","28889","0.0-4.0-2.1","p37mvlhrwor3was","[]","null","","","[]","null",""
"","","","","","image-button-response","10","33395","0.0-4.0-0.2","p37mvlhrwor3was","[]","null","","","images/instructions/timeline_0/3_Beyonce.png","null",""
"","","","","","image-button-response","11","34562","0.0-4.0-1.2","p37mvlhrwor3was","[]","1163","","","images/instructions/timeline_0/3_Beyonce.png","1",""
"","","","","","image-button-response","12","36370","0.0-4.0-2.2","p37mvlhrwor3was","[]","null","","","[]","null",""
"","","","","","instructions","13","38732","0.0-5.0","p37mvlhrwor3was","[]","2361","","[{""page_index"":0,""viewing_time"":1110},{""page_index"":1,""viewing_time"":1251}]","","",""
"","","","","","html-audio-response","14","41594","0.0-6.0","p37mvlhrwor3was","[]","1277","","","<span style=""color: red; font-size: 24px""> NOW RECORDING</span>
        <p>Please say out loud the names of the celebrities you saw. The names can be said in any order.</p>","GkXfo59ChoEBQveBAULygQRC84EIQoKEd2VibUKHgQRChYECGFOAZwH/////////FUmpZpkq17GDD0JATYCGQ2hyb21lV0GGQ2hyb21lFlSua7+uvdeBAXPFh/0xRvcGkXyDgQKGhkFfT1BVU2Oik09wdXNIZWFkAQEAAIC7AAAAAADhjbWERzuAAJ+BAWJkgSAfQ7Z1Af/////////ngQCjRB2BAACA+4P+M/8JeJPh19ZJin1Jdh8m0nAbapU+m2nQhoib2mA+RuMP7HM5/7JCCKxIfe+ClPBaWWdm90HOo6yuuvU4YPdX2PLhzq26rUQQO5ac2fDtCmeBiXxBbPXYft2kHMxZXOs9KKG7MvQDApTTd+pMUtedEVdpW5Fol7F2JZHnuOUcDT8akGbjbdqDVpaKsoC++Gxv4jAniT0vzFx3x3UDsKusnQAwspPndg+oMbdLyPh6v8D7I3rlpaKKC16Swso9kb6d5ihIIln5C3+iFWOsKtHTWVqAAAAAAAAAAAAPgv//OlFo8bvHs0zN0qkQCskOgx27zu9RBe+SUF0sib5NpA7w9KVTcSsRuLO3W5NwicUXcJ92Np0tEaJVQIr+mbWpr764Ug8AOWrsH8H4EcTcga2f+Cq5S6grfnXupdcq71iu6Q8C2/BMh+2hW6At34UG+xSOrHXUXXH5GkU129mziyAC8SV5x9PHhYay8BNPYFNFCacnPhgTamyT+GpeQVPZuMdvPUTsxmTSBAcM/1hIfwUHkzzDn1RFyBqjutJ/IO4U0vEMOhc9FUVV7YYHEr5zEo8Ne0m42/s5+yOptdEScjlI17BQxhsR5NyLLI1s88M+tdaetWMCnDvW4q3Hoz6jgeMCvXtJ79olOUTIlmyiOf1+iNcVByRFp7R5mT11fg3GH9X2v5Cpt/zF3vNPAaXls7oj8f0woWUgZVX8JRjIH8zk11en0l/3OYeKC16l/uj5wYJooAQ5v8uQ9cHyH6rD1BMTKUPlcI1z7/dD+SAqsqcl4YgpoKAd1y190WofOlhQjcYhqD6ASiyEVnbld2TcQVRC6OLo5K985t3hf0YpQIy/SaNO1C6CtDKuWgfZfPdofrtWPNwzvw2qLiPt++jvANw8xhlBiy2wSFauGHp8pbKlU0xQZcIbNBYhP9F5qHXIZYRezyM/q3vVsG7uZQkXra4siVgQYOaCM/LjFASbiswTxKG8QGpySIe9uGkAJFfRt1A8EjRw7xtDVrzR9ryvBq+mzbPeDyv5uEWx9KbuszWBOXNdS+pBZUi70K8MqrohLknKw5ur64JbfIjAEHH68di5Spo8JjxT4xhXxGWfMJ0REmRt4gU9CprEDTnCofF2e7nEReoXDPN1qWjozD5GqlV3OoF05hpEW9Ol6DXv6R8TRUCiUnjc4NZO6//UbhUs88oQEhw5UlmPcQohsYijhMJP1uNL72edS48rNc8dOGxcPkTGzmM7tWwNOiTrpYRo3xbcQdFTfm58OnLc5lY08CWfO+DoO+MRtrPLYHH+BKFrSJZ1azXpumKzfKriBxGth63hOyOHKVYPT4KegWwd4LkcQGY5sq4vwso+QxLZP4I3tHIJTJqpPkRB+y9zatJwl1agmsjx3uSjQ4OBADuA+4P+C/4K7L9nhN75BBQkMvSLbkRsq2oqCZ5QSRjyVEZQ86hySfKEU0vZzjLoFvp6jAzxGWPw0G7baq0L4ZjM362xQyL+iyhy+UwIK6ECIwzmQNyPOlY9KumOjZkC8TgnV1MyDeI3E+KHO55NfGYzfZ2a6s2sU/TThaesb0I/X10B2YectOh3aLbON4Q4YmJr+GB5maBptz1AFKFUSHzZ7++Ypzcu8LPYAr+LwzGU3/g5o2lY+8THjGowTGL+5ZQpFFpNG15qRS8CChzng9jcPcgRyUEw1jlAvflmSWhz1Jpu7QkCWUsM4vXu0nNsbSqtWSOFCqoSMuGIm/mTZO3hQK819pRIcKUDm2SBWhhrciLLNnJe83nnexcR1FrXZ6wRbJcSaZmxGum3tV8hL3GFMzw7BSQoTbQkRpwbS6fsIO2zdCV3KzEfinA1SuvOlmHEeMC05LnAKYUweQhvFz8ro7Nz7qpnf0v5VDxVvKobHcmdE+LdbfHntKePyLzlj7kXzWuZeANEZdNk34EKiBhm495BpTjBHtGX0mW2gLzBg5mvz62dizj+GX2NpAJbpvtyUI2VahK7uT2UKH4OB33WlQE+P6s4UfGM6M7W4gNgdTSzn8s30R1+DFmxjxRz1/uBGBWqlg0BvUfUCKh/P+C+Ul87HlxbYC2JqUr/6bWsrapnsFtQrer4EOcQBogseGRiw9PKQrjvgZ3QeMObS1bc1jKsrCbtQY8dZsHlAgI4gOJFa0ORWI8PhTAFLPUpS3YBftjp9fTGr4YJzlQcvdlo8OiHzwhse+/JrbK9j8YY5pJClFodciRdBQq7VLnb+HrWq/YlefHLO4IW/SzGeqGF3TjdH0AADaSDb72VrC7UQyU7P0Q1FjtdS1yibATE1fxhp6PdLrkAiWk86+3C8Lo5Xd835YwLY/v/j7PQztCGdfQxrQUdIXKDXVszVqIFkMyB4Pett2ybVPxMPKUqebEyN2vEiDKbWT+JrkRpoV7R7id7rvcdKY2lSjR7ZUuZV9xt4uBko1wg76UUqkQdSJaUs4x53uenj68n1MKAon7OkVThw9aertBE7ky9SRaID3If5PWhpVicYbd7CGYng1u7QzrcvGfMjJsJUR7uLdUhKLpUC2CLs2iRZZD2y+aKljo13Cdct7VRpy2Yq69exjHsczIN/GCFETVZLC2AQjqjPaNDvoEAd4D7g/wO/BE79y3wcyJPqIqtnHvTuvS/RmEj/9Ao1OB70iEq/qTNO96doi3PmQ8taieGQDdjOMdtmvCC6aXuGXPp/WQY643jnlm2+zfUTTow8SqmMAX6DkKjMaSKeZvATtUYK/4a414f0thFobZbWEuIx/bNavgjsd7THhFsTPaF8q4l26BoFo6RaQ/47nn33HYqYel/+WGVmbP4J4K2z/qpFfwYxSNp5rhlegTBKUjmRsouX4yTlxGXgcGDUcMFQi8gnAfLTyzoU22TT0FFRl1h9spZXvrIVAKIppw7Sc7rJEFKTX/Ao9zfjyfxhnd+LpwxrzWJuvXzde1iPmFZKHp57e0xfDfS2OUJcSISmNzP7HSPRs0NL3h6vEOXA/pDud1bC/QmotEGDiwUod8fiD3oW8Lg21MnhtbaHD0iD19ThXn7o8QIi2x7JzrWlaPOvyg5sLORVae84ZI45FW7fZcOoHai54BzshONwTTqEHnQS2KYiu79cVAwv8uCP7Y33Ok18EGJt1rZyqs6LUrBROewHcsqfAVawBQUXinuxYuxDH74dL1xZgL6Ov824VDfPVRhh+kA4Ipeh6M33xsFNjAONTIBA6qgE60Q5XiCPTtc5AjxSUsOTZCrPlxJAkG5h4CACWj63ptUnm6AIlMLzLAC+XDJeDrxDG2CQU3yJyXSvBkqJUrD3AI1Cbxi55Qqc3NyhG0gjmt2WgpeqC8oOL4PieKLpTtbtuf51LEXybW5Llz6b0tW28EU7C7n7xaKFkFChaxjty0QuYxgLP2DOUFndO8fv9vMoV8yo0bqPXOEOq0y7vjQy2CEj4zdQ0T0rXlNg8jJyNqA2XjpO5EBNN9swWA7vQM5uBB5wHoGLJaBdFygDmob7E5X8oYSe0r5wDYfQeYwho7+ZUfcqJghYdClLjpOl3MWG2IKU9kNYlUoOpHykfB2jLSYQWeu+bugzDRemxxWt3mKdQq3hwQitifkjF799xwhpflh/kvRwoh03Byp4rRa4vdOEOCA4eSTXoQKQRSEZ7CpcrNRMi7gbEWcatPdPLCJqurcydSCg82xDqAYg7JHo0gD9oMgtiaezS3xsZTmjSfJ1cv+tZ6ghTagaV+zsyrxNl+/0OnTQiii7rr9TfjKc18qo1KtOC439g+V4rtRKIPhUFkuLPsWjtd3k7Ed7yIhaAObsTpvWzKnVKXBnktDonWS1WGJV9fP7YB054MH7NQiYfP5cdBsLZ5Ke4AYHaz1KRpHph6QEDMVNUuU8rpui7afYH+jQ8aBALOA+wM7O6mBjLyK7hScddbJnojjMOzXSqBR/c9eDDxtmutBNWbWEgvAnGsnBJpwiA1Q3OsJDcH17/AbOoCuzyQdrmswYFnv0C++hnsWrqdm/vCqHb7RLarR+eSw4HeGsYOjslj+WbiT0GqF9FAUAxDxU7AHAPRB9rbGYnauoDAUTs3UMNRjyjNIqGDkwXuybpxXkSABuGlJLZul4m+nnmLZnmjpFTWEOzNESxDQdyHVAB+fom7cVc5yXldFW5bIgR36H0rHtfgQpHnyq06ud+2/fwCs7vr+mZjJMI23AlTX3vERaYu2LDHsiP22BNMTgXL+xVl30QFgq9lpZrpU8ryhH0kMe0+hl3kbdoAuGJiYOX5nYusIf6qJn8f5InuAJ6ULhxkTEeBvMIpot1T3N1QNqZf772N326+iNyeh6o1rNKYCN++gC5wT0ozam0cyC9QYlvGT8bOFNvQgBrkQyAoYghK3n4LONLhLjYLbCBXzZwdNax6oLXBz8wlnrrjJf46B0+5qYCgilYW9fo1eqlWeFePdi98Nv52JSnLuOjEiryXNR81Ca5fg3iM+opTGSEOuiN3f+41gYaeegw1dmURKW+an7hCiK6fWOPGZwIdllMFkHtPTbtiRL522lbVYRRrFB7fDEIQBUqapjCWvBKVhNTKb6uuEhIy+V4RoE2c6kK4eb1j5oM5xiVtzZ80/Qu/pZlC92nyBNm5WUcpD+DEyDLBwHWggvJ+toY9VWAT+AZu9vtI96FfdE0+R3QGbPJCcXY8sTk86S+duGfxxvm71OjxSfW6oCxHQ+9IReyvrpGk9Jg57XAp8RQ3XNAxf7RITnRXol8R5ciFOseqjVWHXhtM18DepZ43TgUJg41bHPNzTez8cLedZI7pVBX1OCGUSJ3nw3U0pLunCbLcg1c5EH46MdCPsgLYthwQfuRyc3YO1MGmpQtZVLff1aID7s0o2/544qW4DW2vRqyGld5bvApihv4gzw2jq2uZXlvA6/dTMEAZl2uQjL9vlq0zmUHDdhpxVie7Jluf/PJwYoXBrUYaF1WFq7RjT0ApdEBWZFgq0u2urkD4uSpj09uqgIq2+Is3fWQG6xZz6BhsmpGF8Q/yY3/m9516I1W/DYW3eLEGjOzUhY4S4oUKlu5e6r90GGPP0mINRpUARd5jRjij65H2OEUKepcwfQSmuG6KH73k0Avw+mDg9c+k6tMVBiKk5Kz2lGmFDA7qCHD/v3nraRI6P6lNYHCZD2AAeYzI377aTbgqS7dqXcnFe5yEvXLXwQz2jQ8qBAO+A+4P8Ef8RO1nn++0GpttgsdoA6ncaAFCyI4bDcG4sH6U/Rq8oqBtqpXYXP4gdjgD5LiImJ5W6QrG5cVaUsdG2apWIBCRF9k/fbL/u6RUnjaPfcygo0cXwE1TUbwgX1Rf3tQghUAYlB8Oo7/Xg4woWgS16nuMchSmL3RSPIyBux8VFtemflU/wHFspQswhHroCAeW2VBy9sAyzEFwusIyKMDZktCyLFUJ+PV45/qAdyBkrL8PkIWIGWiTzc/k4BYvKDK+rNBKjTRC5c1ibg4sYCKiqciE8njZiTGYeWEg+0gHoPfN34RfsvRq6iTH87+hOeqoPE9uZ8VicpKEA5WSR0pBVmju9/Pwsh2NgUiOf/ZdxAyiK2DT6bLkoKbfFBvxSZk4ZZjWPkNQ+QKKrPuAp/pxQmiz1vH63P05UOpUV9q6oYYkhIHNDnvdtIjrObt+hwcn3aL434Eq3YUeSCVVudaa40ypiUvPiS/HiS98cC0Ic8O0QHH2q9dQr7ys0iFlAxiyTcOwYBU3mqP3vl0iwMgZG+w9jlitVKaMU9Q5GwzbWA804QjdAN7pu09rOfhNySAKIS2hSdVU99/jsdkpqcp+AlVBs7pEnx6prKr01o3JXl1t2p4NnV1BSCz1QoIh98w4zP27Whvb0MK3JQtbaC2QyE0TP5RENb/vaCSxQ4HaN7hdBEjEbQxXNS+4SUnjaBwNDLdiM2xhUWGppXASHDaFEf3rwBqp89BN4GHRmcgUg3rJaH5Pf00ARrrBc/4vNFZzlAPSKNdl1h6uIQh8K8tiROb7z9EgGTtYEWUkbm6eDu4C1mlHxWXrHDE7p3D/hy1c6gfKA/d8oESqn7BlPkSf7KaE0oCsVhBmFefASg7LPvODVtQZ5NNqTcvjCX3EaXU552dHNA5ojFy5x5XAmVutANkAkyztNdjRbGZPczkRO+CACgnZYLndR3pvKarmNV6zlQ5fP6aweL+bckz5Q0/MB/sCx5Vwm7jhubBNjgjN6wlTfJz4tfAtRpYyL3nXoMkOUo69OxvNVJFT4tWx1T6MOYfVLdxvwOysh2Il4Y00HAQIIBhBXBXagfEQLL/ECGtyngFLPcsg2UyZjt0/GQ10p4uzog8MuRYeWSljYd5xap5IRdYQYO+f+x9UBOMCatIB3AXTZEik7JJUBJAeBVF3bF6oru4SIFpQI9L/eu63y5zFwKCc/TS7/xgGH/CLNlAt3MRLLQO64EOoN6vId9hLn2ehZD8vBu6dvmBXhE7jprrMgY79D6LbtevvQOhUCanYMNMmxo0PGgQEsgPsDQpEct8nrLqcRht9v+MdWaAbCQ1ssXJJ5fBlJMxNGL+Qwhbeb/Y/84sLudRopqXW0fzzTKxfFFcvBAt/c3Zg6RY0yFXJsFvDs15kt/tR3btOEGdJmqa6mXRQYWkyp3GtfwkgNxHWRStWDJpJ2j6aY7rMhSREdkQDDD+dBR7QrJpGZ1wPkzs6UKD8pFUDPv8EGRxIWmOUyncaoGyTsWfHOpJfTGBRL52S6DBRpJwlUIzuMpy+1JsXAAgsjWYEEaS6SoxEUzGC6Zt9nkxLjO5QP5LUyboiZ0XmDWavqvQ6dR+sGRsysOM0J9o0H7DhFPz38PSADbB4TW0j9wYM/2CuQq97eaMlf/O+oehXYKycj2Tgy6F7iaabP/68bWfv4OnSh26qGd3+qOnNvO3G+n74owQC16icSKnYXByuyhpaTt0Tvok/bxr+4CyqI3xuMaibX2Sojs4zMIRvHg2Bz1XhTqMuUPRWydqvSQISNTJd3I/X4zRP5t+rwIDaJyLnJV2XbY8R2mRbut9EsGN+pYuDwyMSs7sgWYtxC1BOPqudRi0YApkwWyhAt1h4TXg5jzrPaFGRpj0fThfIu3Tm8gmWLMaVZpZRtZBOPDv56No2+eCF8/63JnpX16gUg5Ejx2T1SfDkB303P47u6GlMOiqWWhy+rWMD9mlpqY2EYs/HEihxqmB8VNW+wpOj4k9SAmgCdnXAhUybIGSZ+mkvV7d8gQIOXS1rcTkOkcmZFG+O2qSqWsNmdfpODaoXczD9cqjJXQZcJ7Cl/gGZuc1v6Th5oew8qcngRS8Qw8xhcdT3IIFNTHs7uKOAxLTtzPUC1rMDtqU4oSnQawJt6TJ/tYyJzOT16se9s6UR3rWGLuzi6RDh8g4mkDdzyy/zcIyUlB2aoBQuenI23CFDTKykfbajMUYN90hJSCbTlG6AzqZvKloW4WmbJNSBa1iWkqoD9RQnihyK7OSY01jpGSsYM1xS8mYEsXj/b8tGbD3EQBQqUq+GtXM1yaFQFdvx2Wgo36ep7z18G8bsqg/SbEjbDT/4bG8u98LqEXNYJuzxC8dCsTNLamVAgir71AQ8ODajabxlT4rP9VNKF9/nMvxPc3N05Q2YmHGbShUd5Tc6Wfb1OwggByKhlLJLPwtrJ7u/7NA5dvp20Zh4NZWmD/4+g+Y0ADA/leY/G8AghLe2mm1nITk/ABOoGaG+dJeURZYLvP2E+Xx9G0UYnTd2coGLUJsD1VfYTjBNBMSsj4R3nDCUiXplwjKfGlbhuper/3GrU4INso0PGgQFngPsD7N2SQx9clnladBQ8xYx+u0epWiOLKrSkJLyzf+cqD4ZtrXNJlNC2OBb5R1VtOoebdqcHl8OVlRlLid/Sqwsv3gFmWAQ8hY+Cm4xrfXcA9mwoIsIBNRIMwx4etKdmfwQ8Ydo9mb0TjRmes6Uk0v72S2a7FTGIsWocpw2jFCT2AkxaTitqJNRMaBUS0ApC4fw7kVMuk+1Y0DsOuh9K7JSGS2WoAo2VHxjDgeGAKfnuzzHQYJG4dHItp6+qzSflMyoX/zToR4cbvP8E+OzeYWizYyhh9iFfAvej87kWXf4kfnKnBSupeQ37HTU0C0/abc5MZb4TdsTipBNnjgHhmQqeyEKXjBUNS/uVXysmAUyeF7nIpcSSkba2sNZqwQEtRVNcQPFdBHopZiluExhlexGAKN7mLnlhCqIutkujpQSSIzNTCz4khFLRRuVpuZv0e9eVi17NBgjVG0uvmQASeUUhww3NKowfv6c4tdFrnKkHQk28eB3LWAGAt6Cgsyz57vwmgiqHJxC2Z1TPRpAn6YZ/gLQDGYJa3UIlLv4aecn/vF30LviCnndWibBoRcUfLUeFc88GwLHVyCmP3U1gNJEBAM1IF7VjwAouLfqnP8NCqjccIC0MOv4t8HYv1MelR8mJyFwh4w+4w9kbHRzi2qh5mL/0/JGqKUzaq66eAhxODRf8NgWGqvFgB6lkpxsQ5eFV9tDs+fr/DXx/CsWeWhj0O9+nUIsWm7vK5ryYM9/rD1aH9l942SHEmJXQ/r4iUR+DAk7wvGS9jxsQMMj1hGgj7shhyYVKODcSJ9nBOSuxN53yLNyhDDC2t/fv0F0r1vDxZYZG8+2MvxTWK7U0QNNpHhOYe3LozaKFcp3l7pHTM+he5BlOa0nF9kyOjaC9hG4PCKeU6jgMvYerAKGdUQtBZ4dw69GNHyKGPMdxlivtoD1ZhETveWAceiQo7Gpj2NFBSb3aAvEWXDBOPcaKlUVzo11JWhgDL3K591X7eaWEKFJz1S2LKYfpcpJeEhv9offaRgKdCFdSXJ6f57vi70ShV4JuZAfK1NAvJVPVzO3vu5ddR5jDWTQaNK//1pKND8CCoUr2tB+lCHGFGbbyG3KGrtbKuTc7e6urAHcPBCI2Li+88qotwP5bcJC//WSzSnzynlHY5GgUSPVVdGCZsMIRziV2jxoAxy4nhi3c+nK+rhB9mL7XGqkHjE4h1XPlFEC6WksZ8DqkPXTPXb5/YRLZp6oxzoxr2+5EZbsWy59nQd0CG9hj16VnmCqszZNA8LMBo0PGgQGjgPsD7648UMR0iFhHEs4HkhwPqaWAwJqoCQFxcdSMl5PVp6+RC3m0iGIwN1Ov64vLRDfpGXMs863LYomMSp25SLkRb4X2N4U7DJRwcVe9R+jOMRl6oX9wrXwL6Mw14qd7cMWUA2RCllXBo8N6NfuVI8UPUHDMpyEkIQWDTxhJE1ED5EMuj6hWk3a+x+etsvIXtDvbhyowgaauVTXyf7E/koDUMYZc1e8REXXKozpfCFxEC6Vzi9aZ+6CrSFzbulhaVDxewMhZma6P6rxNITbEqSDiHpKqwomL9f/SGhBDPurI4IkPL3yQFMMAPN+EqcP9adlGxptwhzw9euinZ3y52T/N0f9BhymYakC5F2ervc8JMVcaZPljPJNYGqECJCRRkFQwQ53hixUyLjTUhzNIyCt5U8spnAxaw45e9SS6W7H64zvxlOp3nLqr1g97+53iusAttq9kwPkec1jgwF0pIh/9hG4ZCZR4bKg39vLN5/0B1btieyI6LHSaMDok6O27FjOV2Goi6t5GVk4+i5RSKhflqWLiuG2buYF8abBsUVI+xdMx9X3p+WpZucYo+L2VymwVU9Ur7oLQZyhH8hOnuvQAuaWGOOpGJwVYIUxCwtNRgjQkeBnB2x84LyyyOi46GH/JAd5GwJMs67213kBzFdedVR6C4/Q2hWJHgvwD55DB00nHKCOO1Xkut6amzgLNP5k4AGZQnAfZAOwNdslmlhCmHjz7OcIsutVZBN8zNZCfkTT5toq8oaNqg0+YJWQrtMfArRgRy56GDQsJnH0Y5U2VxfQ7yxzKJzbLNRqsAODta7cBu13pQ2VI5qpoODjpNXHM5suwT5mKgm0mrhFEB3tjQT2ITgX4WDYHTQg8qY9YUYjI9myDlRthwLVPcu+C4l5Wuz/gVI6npNniEPDT/GiC3ojHaBfLu6CYg8Bx6NVSBSkuZwldf1swFeZa0KEMhFgzKFLjmsctamBk13XB9q+Y9TaPaEe4BR9oKG+ZMGiUYsXapWzVz/MrP9c+bgOpM+dnYEEk7n8+1jhcPef3HTdupqBG84zoHtuRyZnK62BTVEt+NSdfcs/1aeS+CfHZ8R7Yr00nyMM5cDvIHCbdmldi5gJXg45W7/IjcvPjVOY7+pSGGe68EHryRiJeYxAv6rpg8OOyA7asb1P1KkW63BH0g9jiRdBjWuy1OyxFxDyujBvGYhIee0HU8sp/L58qhe9bRZJ6T7gkAyazQpxdLbYTbQnWcsm8Hb97v0PVlj/yeqjQrT9YhSLfqQwfUFWnxoG1o0PGgQHfgPsDUq31c8n6xz4nBezMMiMXjTu9nsI4ZPOwPhn4fGGJfk1jAQX0Y9WFfTv4l4e0FlNYq8aR0fUNLOL5vd8PGVxwlhbA0te4wPOtaP5v26rGb8D059EtAwfE/l/utg7Njxu4XuRGz+bVXPKZ4WjqaDwNMVNG9nfzW+POPxGavi2g+Lehojy+NOwSQ9tvHgD097HNBYsNY8XUq/9v8//5pKUROHlz5DaHnMsldVzt4uRqM6olo4G8DQgVjXP/jdqAgDYVwmpu+d7Oz4AXHPLCu8ViRhrgYNWG1weVFZq6F7pO2A96DziMRQo16zdygtoKNmJ/bSpUdwx4uDItNT6o0aTBl1yTzee9rT2Ty+bacKXt9J+SX8A4CYbVLGnX39D/uPJvZ4WmwuzVLvhdZsh2mPOb+I3rzXINyqKLBxCkRALNEy3wN2SnyWdyTyeUfWMFnALN4LIwTitgO/iqg18YpdaiyE8arU98LnU7KbIdCpWPQuB/4gOevUAySi/E86M/mS2JYdUElHiC1cv1KMuAl1Bm6hF2iuWzdcgk+cjcQhP52c+tSx13ECa+sra3C9yWg0BkJtgPmVhpDozqZcSJ7AwGt3SREUpFnFy4LMgn4dU2MH5CwYQeP7cujlmfVOIbJwB7iEaklagFMGLDXlJfWw9nd7P1ACl+MLn+mdCY5pIB/YHa1e+FaJAuevtxDPMoaP+2YJ1Dxt8IsRopFxnd3SS4ieqXBmiTV99H7/ORA4nE0edfzyNZVvn+IBmGQ51y5z3xKb/0sMPT5GnyDOC7cpxx52DOAL7EUHY9k0hhdJGvhXnwOstlm23kQ8Ym2jGJskeIMYtamM7UPj+GDb8b/6BDGkLFUVxg3K8N1m4zX7OqBcM5vqU6T3aW7ZuZ9Imah1pm5inOROTECJPXOfM0prvmBvKcO60mhvqHDntAwhz5rPiYkO6y+oTPFcrfugootlkk4DY6myWwCohBpBF7DgD4EthADCRd5GF+JNzmINlnuJqxVqFWdbDyBLFbuaEt+iD8QpA4QRcfzKtFdeTp2XeusjXY0D+y5mNzvFTzm+xRuDL00xHp2P3yohvgMF1lN1+U2BGzXrK1AJUvZo70ztFRo9JiwMqvNnuB9rUIXo8sEuqEpESjm+zZJEKzfnLmjyBX8tlJFZaqoFzW22B3NR4La67rBP9KJoeRsdVGKcjSp7tetcv3xfw5rPlGQtkzOuF8zpltkJJ4d8RFU9NZpcNl5+8CIBAr6Tbxa50L1glnpAj6okUXsRbjCPas6QmBkx5Go0PGgQIbgPsDPNyNlM+dZlIRH8c97rTcXEygKtBsZ9/AfHLIm3sT66ZQF4Y8xbicDbcpCbm8ocVShCxvFoueYxk5nImXP8FlN6xcWY+bEchBXGT6bPu4BXmL1RvHGYEk361v+PhOa0e/4r+Jyb4R0B0nC897W/qDwRk3MIIDGPUPBDcDt4fn+8fggTP8La5dOf+vg/gNkjSBuSXlMhSbKzS3ji0m23WhW1x6Wv82xR48vdQANDOqLSNUKpsUDFtwYYqqQlfM/1/X8ea/Hwy4vYDIXpXO2z9UnIoYsFVXK67aB1QqzhmgROr7l36pXbVjAG1TNsuzO/6UIyKlyn4PzgxrvKZd8J9txSUStcWWmZUkGM/OPUL9fJlV3Ct2lP962xf9DhmY4v+cRxE762xK2XKfyOTjKkEtOhEjFOKGV26k6AxO2/Gf2+3xkGn9LdsAKw9lB11nXRonwDbFJGpWMFADD/EnjQ6HWndzt8GDUJzs12nu8oiwurSp6yJpBLqQbPT3eECKwF5wrHAN8P6ywodAA3CcVFZrLwdCCZAfNwfwGnqN6YO6DL6SzRh6kmyJpiiempMEkbxEVPu5ItQMvjVLG/CUqDNQ1OJ0ucdLGVSfHV/1prE0EuTteq9fF5q4f6lH2L/gj16gjiOpvD32Nuuqy59cdBHmjgzl2f0CDTRyk3Mp/odQlzY9exx9Lj8VPAx+ndDbtZ4nzPUmsLUDU40vdPzJw7IN1tr5kL3yiLSrp/PLTYi9M+18uhhGhxgfsmRsErj3eenq0DwhoOiuGD/8HTL2JaNvfhGxMIm/PF9UlM731KPOKy2R+EjSHs/rGGRX3bljCzWgJhHq0aSiwo7M9wM2uaLTO++iXQndR2i/2j161JjP99NtVS+jws1CKXTFD2aPNzSCi/UiXboYBHHuXqig46eeWPoBJGcG0gkz717bGee6y6WoT3sRtKA8HyUJH83GjC1djQY8bBpfgPcvBxjoHw0sSBoHIaXHzrZgs1Svhuve6B4lFGwX5pnneFlk5BnkIJEmGQo1s6bAaVH4zJEPH4vXdmi5bVOvslMpMP8dL2G7/JY9gaa8MBCAne21Z6zVQZEYvJgsGY/kZrTsXLIg/6DTNddCdMOnaih2haNJSa1kYj5/ZIQVZdm8+Nr+BXo7nbZKzPa+rPtFGzPqajFSekE+kauiWJdLEi5oFe1+Pcrb64MyTy2D0kpdJoKbvSqGXrK8n3/n+2gl9wXKQn0KmzrJHjrrw9OHRLe5RxnfvCvFope8/2J/J2lrjcLHKaWWIyMzo0PGgQJYgPsDO5TJBP/YeX5H760DvLS8JWeqMWOJQPq2IgGfMc6xOdLAyS3FxdcchpuZSaWlh1WmMds6HgGC9HsdkbdxwIwwgRr4STcwdYNhGAm6Lo0Uyc0rgKw//q3s9VJLhsTWos8gPr6JrjBYxJhJurSSVzOXDwQS1NG9wQq2rxy8bdFDcHwnfVVRzNNOH+ZsqX+d2hJofEbL69QQtH6pfWLXN3hCby4BVCwIFIBG7rJusdK2kSdR2ojKoTC41kdDJ1ExcRDcPFDnckO0YoQIIeMEXaodQIoEJJH2GDwW6ycPGysYt0lKFSNrcGQmobvHSGzYfmIzH7QfClEVUtvPhLBsgb/1mqjxGvnq/XFUAWU65CnV9GmoVr2d+jIKrL5TUECGR95jqQmA1VFDqly6fYyv04kdklIXHiv2T5EpJOHPABqQ0OwUuEH6xxljTzcRQqufImjQTGO2JMuAuBnuA66cjjH5kbaEDcnp+dBTttg5+AwrnxQioYCXc0DRTpsepYdafkw13RkJ9mJQr1y8zbqMslv5znqoqeztfER2R8+aJcP1ixLG9e7027+gsFM3YzpDe5mtXpR7USc6I84ftReHtECN+QXzX57I+7rEgA+wQJSha4Wz5NJjhA13RmLzNckWiPcmnHzIaHq4o5e5e6QyiHq/0dAGGaWDqoRh2n5nqVueVXK8qKSemJOsv0ZtH/bLHy41xCeMe0/fU82MvVyS9Pdj/Vz7CE8d61/6GZqAEY1lS0PWvwrDqhz5XnnutnZMIxQvVj1eXruDV6InVyBWoz3sRAje7Kp+WnjctJyHDIskuDsZPArgLtSM4Cxo3pixGfDCu7DrKDsH6qcYDKlL8DM7gO+8aO81gda2cpra7M3fOTGekKpsMx3dIrlzE535ueoq6HpQcGzCu0O4c4AAhKAQF0PzYwoXUeepIejPPlH3PmuAwFvX0O1CSJP4IUJZoFcROQxmvB9jqwtwsmK+IxFlk04Y0Ik21sqdMjJhh97kp0yupTUboOW92GKv8Q0DDj4ivETlw6k8PhWOzoTS4TMGDFrNL7wfSXKwN9BRrJ6hjqVflPZ52tOTQgkTCzpn+53QFITlIGqxHD42FV/6fkLYh3rX0gfJv99GC1Y+fv7kYzOch0hPshWc6Q5LURPaTWNlgwH/ZkYFgdwjQn/lA2Ypn1ZxG1X4BTQ/jqJD+LaJSsxOIRdaSZhMoBgXH2VleXPoJY1uiyYkjFacm1RnAsT35NkdJ6q+uBPYeZlMycuro0bA5w7mtqBcXokZQGBnxXM9o0PGgQKTgPsD7+EBEyAEiSU+s0dW4MjFHq2HqNTIATdSEq/aa1u5EE5//3JdKXq6zZ63DERtWJQ0ODETgyWJsfCBUK02WQt9NmP1VaOcgzjobIjHv4Idh7QGJnwV+mHNCiPb1/qn4ExIzQQTS4M9pIgu/jWTZZDpIuIkjy4/FrOrFVajTr9gYOUrsMGKJDID87dU+WtLs4Oyiv+yGSWZ21jQ2gGtQ74iCWXWYnFQ9qv9TcCjoiuxh5L0IqSmYR4uj9FiTn6yPcuHzq689NydFMBpEJ4l0dQmqoMF5FC5/gWOGtW/cR4zNnWpa+Xca+3v/FqMJO6QJwgNW/dWbwzXTQbgRWdgNUPPrxH8Ot38d2k5KtfGgnS1iPfSF1PGr0VO++I1HoVUSoUoewGY4jQGk7vhkpPC4CKYr+I/+SuH8k5c2HmYxl7nEzzxihRwnjV1q7qPzzAkgDejjQpe6ySyXOl94Ymfb6E4W4BidOsTH2u/ZPrOrIoFvCpfhAsmnXWGlReLfsqabzM+FvOpsgvKEPkeJ8tkU4NuKGeDKUf9JEN1QQlgZ7t1rbsKhwQRGA5ar1oc3gSggEVBfeOCcwJODCpkZ92oEfzAgFImDMI4X3chTYzxgweFAjI4N+jdBjRshT07ofmbXDBxPjHHDUCAzFLuiw08J4EF5XmLp1UvKYRC6g9hDQiyBY9C5B/iLFrB6mIQmp3FD+pzDRH6EaWrjJMa0c7AkDbBOU6zUD5UGKDQsZoRLdk3lzC/sz00BhtQMJr/RRh/jLRxE6TMC974vDGfSMtsuIJ1VctTwQQu6M8FfkuTMm8iU0cti4hqfkGnd6fTDdahe+oP7pPiYfzBSk3ZY9qrDQ7zOhd5TEnHMy1gXjLQ2aiXAR+5bl2dPgbxNkQuP3U+035cLrVDYZQMPy78BOH0S5iQ7Q7GT3UNKjs/9NHVx4J/PsZY51/nmyCJTuVh1haPzGyDPvdbiXJakWGJDJSxvYzzXpASSQLX5Zhnc47YxNjHm+IPl9xaRrNxb4w8ch+GQxAWaYaGe0AP8o/zOLWm4udgSrZ59xZuQL/fH/JgmHYy1rQv2wFuFaFB8cYwM2PpVynF/7Z/P2TpfB28nUKraX45fhf6vW9trc7uUrgnu9raTDlunY0Jjs6QReM0gVfPmE+FSJC/0EYHHjlPDcoFmIrVK5ZHuDxyYTfS3pUP6wD+Js0EBs/+p979EJH+j5v0hfr2LKidXYgf+Md/3FojXn6hKnE8yicpTEVM+NBEv0a79w8+hb6I2C/IE8Pv8ME/QXnKo0PGgQLPgPsD78ckYJ89FPdNi25087U2OXJyHDCUyGmU/yUvM8dICL58saEB/iu5vKC+r8bsPJRD7g9BkOz5o3aJ6DBh022+yC8UXT2Npwae5U63FRG/Wv7g9hRY1CGL06y7ZiVKaTHZvmxn1wR/dK85hB2DhirOrB6cblE0Ku5PMX5h5KCoZTJAjz0ILAYGwOKvBgZtTidyQC5StWBIRkA5AUPWt9ykgXxTPxTsxdk/PkGfRufIHYSxN3ESbqq4+V+ZLawP/aF13ZYouDVZqbJBDjdLp8/6HlqxvZtMP2lXa+F98gmFg2lhTHCMnLZxYbKrbkxWqsFDS+j5QDFlgwLFyj8fZjCuHnuEQrm8p4EhcuVBnlXP82smYRDAzM0UzO85TrAu+bydep7FM9Z9ORot1BtFdXTW0Ytn3pwhUZIW8BxRnGnPw0kYv/bzXsmfSGzrOKYpok9vai6KxcvrJi6sUL+ijiqxmcnYoCAeLzdronjXfWvuYHpYoBaTIOFy/Jfq8W0UDm2YRaPwYcTOw5K+k/QwtPW/29OrZ2rwU8TbhlCKV1Z2ORFJBpaxRjhXmPg+hZ1XEWzIR/P0QvdvuzasX0IHIk0fJf/6Vu9s4rneH//O5NvQl51+cyoJddM4GndoOlO1789S4v3k2JxCaN4raf29cnRbE2SkOJHPTWr0sc1MlarhWGUINqzm+bdg/VNpRbneCGxXH8QxK1BiVzvOXJPz5H8ZQbjIhGs0SV3hhWghlrnQKHswd6gUM5HG0U8gT+Onl5f1ZjV8Ac5V6GP6AsFINsL4TnuLJ7RiS4W6a9d7NQsVkddAfedTFGI+hYmLUYi/2Z/tqgi7pR8IvroZ7bLpd3F1OlMLfXLcUWNrqPSmA4oDOmsBUUQPdkn3VzHrezz4jAKBzZTtod7yetGLd9jwAFbV0e3g0prna2Kza6BQiy89c3kaNY/4tc7pXteLGNpX1PVwMuO7WG4WSxrWpoUm+TfM/06TEPfDymULhiuinZNRaNR/IkoDVM/raYsB/G2A3jNoVX/n5qVwhedmFljLalPMq1Cf1Chtqa/QTI2HdwgpF3VoHg+489G63PheDBy/iJN0fdPE37p8p1xt4bXe+3VkRsPhYikfEqCaTJwv2T+IEslIVNBIw7C4zV1luOUr+qFUiQii3991cMuWirNm/Wehzi7RlYD3kx78+8HLN3pLrB1gtZx0SJwSEP8xwph33oMf6AHVzqIlSucWsyaBQzt7Hnc3uTnCH+jOj4phNInGBF6ZA6BMVmEFluYZ0Osag6fQo0PGgQMMgPsDE+kgHjmKRRGz+jfPZyEslsJeo5qCeOLgrvjXBARRgUbpFv/WMrDvOm4cvARf3oyN6NSc9/dVGRvv30IbK4p436F92/SmdtlJK4twG5NWoeuGdI5ChpKnzTDXo4489+yWA7eNcBYI5uczstsP8DoNLvQmWffpkioZbWOIu0C9BfpMDrTyhEFIUH7aU5S0zzEWEMkNxg32t0gf7gngGgrhC8DNXe99rKyQ15IkohMnLwj4YlE/3GFrjaXTLcClmzqiS/DDrCvts8qn5x2u/J5JGW/y7PSXOIH+d59YXtvZbkBrInwHQwoLPSw4+2DbKzsVZTfx8J6gaKHimYeTHKH++cxuj49mDHD1oa2PZ2lg7FVuRPNYp/GJq7m0ixEnS/Z1IxDhY9VWb1FQEjn3dRiRqI0Zhmo03ACm2/9vuZQS4xM7cFoKksU5imGzYEHyNTeAnQPZxaN9B9206rBEqp0c3Vore18eTbN/zDSv1H5o3mgl9k53rRJtROhvUkERykNFZaGaLzu2veFdXWTAvbnlhd6pgsmUs8KeyVAxdKu+xOpjCjYGZpEkdS2Et41g5ns3+scAbwupfScT2HjfQ+TrOjA7LLGzT1TKQ283mYWxFt9nwoD5xPjnn8f0eF21PVLACFGnsSzJ17anV6zXnH1oNtYf5lPSCH1RnEEk/Dx0j9j6Ktc0OvdqsfMy2zORWbTe6K//ahk5P7XHT7gvAZ3cPUq8nvEMv+8izXJVUy3t/SgHayltaIGv54zKSFnxqoryH+PPyPgzvVQs4rREOiyMMsQNjw2tKmrrUwMefFzzGSZgslCLitzCJJYJU3+UP7BTES9DKCAJOqgA3irzSQeUXOzi55HXF5YBV3t5/7jPWCwGF8Xq93vVCkxi2tzcwpkRKowkkx37C526RiMuBAZYmVSMJCyP+laYYCGkGQuuCA3J8G7M89qMYbBolbqcZ+WEZIb7c3XcQT8D2pNtu1YpKqDWG0U7/cp7tkD3Qn6hxBiC6f+U6P0HrvsE2H4cPoTFU0CAb5RqldRW4WCemT1hVZoS7LizKHEHlV2j+d2SozCQ3vz2PpGkN6ZNIROLA3yPIXzlgvFD/DI1f/m0zkaFyNg0oiAj+4SoF9gcjY0qN17bs+aQqLJtwp/QI5T1pFDDgvv+40qkb4pMKgvIn/aEs+/5y17PggLa0jrbg+Y9r0JAQ7VQyBV4MQBfQW8yCNZxYr2yoFYn97/MolrpPdWcZnJpqPoft7nzVEbj5Z5HXN5bjPpKrFEbW50/UyN596Mto0PGgQNHgPsD76zPqvnBd00L1cxfJbUhXqRRYumPoecDCSU5tv417OAc50vw13np5paqe8s+6CjjvMe4PdvZQpZBMqJxqQ67IeD/yhrbzz7ngRptX95Utk9Ks0xEpvMmmGwSKXDlHCL3ZpHmHeG3SVcK76Tj4gzO3D5vTg1k79+OsTzOaLGzZWBuEMNrP8RGamhepW3Fwn5GhWm0MRswWXblnFOI4UGBL5HFzQ1Ga4+fyzuLgYV8ofGw7NDxHBTKT4Hm3yeZMQUI/1gHr89EQuUtO5zv2Q2HwK2ynVqH+/X0tvIi5bCcf2tncB6bgyfC9/uFt4xkq01s/CvzHTSb1ibtSlM1ZVu1xJ/d/eO0JjckWbGkmerVRmt1tgO5mq3jRuEJ6o/r83tZ/FPIYZcGg2y4IEpAlQknx2oBciu1CrBKgvDJoxerAzbvwiUYLcbfJIApj2ugwdSFPfDeHN6TTKN+ksa7D4+gGEv+gRPZF/IuJMTjBe6HosD3Cq96kQ9Mi6MM0yuJrPb0++9MCwFyvJX+OpZ1Q8wysu5bCEbGD4nbnF0BWHlyCy1gU04RH/emr0Jfo2NwbyPdZQ5R8347oeuAq20h1JQNzTEAem3PoEFsuOnqu5yrTHFOUAOH1Yqa+QhKBIuT1jyGQxAZ7edqEjFLJROu7nAHLQfm8fePN9q8Ogc3Zyfl6orcLW0sNmudJTRq8qi2hJ2jeP9hHMTX5eGmBPcgLavagoob1+UbaRJAtspSBh/BGtl0qsQElPjR8/70fo/fU080EnU+uIxrkMdaMVFD3IkNjWhW2S+wGhKy5UE2FJzEkrXJn+/XpvZ8xR4nkc9yOgw/lYctEK6XG0ya/Z3k8f0jOz2ZuBlIm6k8pSQSndIRKI/jg1Lvx560hU7fv+HK8rLcStyZ3wds8HlS1knlwmHS3+drDz1K89E7LMsorncbhz2zHC3xOb22l4HLlRcPoNMDODCrXW8/uoUYgPOuvJ6XmFWI7MW1cGg2PljU5+U7T5qzehS6hN9kbLcvOJKjrpHVVQWyJZ8EI3hjN6j9YpW1lGGiY+8MqftlydaypjzDu1IMHujXtmM6dyczCqesmIXuAiZ09DRBadP5agJpDQospMxneavL1cthVaCSRVr69hAwUfmP6tkblLiWdnNAZzS7T4czqnWSHuGsnsxtn20MH029YUUeYp4w76Tp6H8Z+P8FcATNt24LPmz4Nx/WxxIb5RHdVXIzxsOd5/GASl6E5blo8LBbioqUHbchBFC5EhpuBNL6G/+sFvXb6rQ2kfN3o0PGgQOEgPsDO53ruNOmSR9FLUOvv2TNcPRXtNQ6AfXTim2D+5g3+uC6DzsKEqrKE0DLlu7rNFAOHRr+kqJSRz2ld7c1s8SAmEigK6KaYfLZVJregwZfJEOxxN9A6O9m8UPipl3aLA5eVH6wwWfe6YbF3s0XAblHntuzv0Ty4yhIOYFjKXscPdjrDm0/1XJ/KEh1F32vZhBcIgKTO5S/BTaL6vsDR2et9WGgqKUdBC3rVI3U55HK2Vqqrxl/lGJUWfB0t0eS8sCFUOuGC5e+s5AWlF8idHpvDtogZmFK/PllM/dhfUyYFaumTZOXWKuAnJXfbSDTKzMud4BD+vfpM4t/qOCxkmS73og8xIpla+qdwPlvp932eQyEhXvW7XTAqtHFuXsnuoYB24jiGAjsWxEaM+GkBBpHlsrDwmKghM+k2jwqbcXm6H5S1lFlecb1UJ5EuWQNdNJHJPWXiu0sQySlIyyKmXpc2tg0KvETWW7EupkOviqOnk9OKok/zUD0Tb2H+Z1yn3X3IPTQTli9fpzNYQeT64utiuNj2o2vY0tpYHAJB2nA5PyXCp5KNtDI1yOAJU9WOUNGKhWYtqNz+kfJKjVcoYogtFOgU/2IMqlzzoIW9R7MQn/46MpckkNhaTF47cWwtsdaU0tzekPVSL1D5+1sXA7RNNNd7zUV11zu0L5AURtKCHM0QYZVOZVOBdisnso0pcdXtZhacrttWqshZog5scb5uKhvyg0vmj4wXA0BYsmzn/edZDFkbA9BMmYsApgLjmtZhi2pDlTWJX63kAY5XUDo3cWhfDA6E5gsTb9l4ATXmruSIV5B3G8pL3x2m+9QhnXPYXRXtRzu6ZoZECsMwKqfTzv++VbkR2dil9NtJ/6xhyapi7mDpz7XlPGSxTnEbYtx2Z9MiPfbRabV5W92hEH7ChEVCcC41M5UeijKDZroLrqQqQt1PVHV8xkkHkaaIjy+yLeUfKRz7R0xGRxAeD99FnpxdBSIsd9V/YebW05nJkQybpdOgLqc03vUyKsksTTdqOaY2p1UA2fDGWMnT/GSTeHgEDHjX/Ck538fmaXDOBdZbXOkUAzu55GeEAckvu+6yW8jYbFVZYcyTWzx781DB+DkFZYoRuN2rpcf0m1UUWBK4dH4rb5l1a2Cj0auUuWJ+fq054OFSAI2t0w8qDve9rd+tbp0134Zg0ZS33zbTFwsJfX+9gZlD3gJEcJa2fdS9y8n9zq8HDRfKfcnCthsikYjyQ2BKuCzoVAepIJ2aFUt8MJq0tLXpbOwnhP2Ry5no0PGgQO/gPsD78DU3PS5qTKhav85TJimBhH1KqFk6js5jB7UX/6VMLH26M1uFtzYivHY700hLz8r6VLExLFjZv4b6uM5EGjl3rD3roCaxv5wRjxNPz9sb+USGVQ6KHzggGLnlv1CpCjWBi8pwbKMAk7bCsG4vWstQ1+F4z+00wXA51+c4MxMY/DoTel8nlIulUrHyzV/WQWRxxz6Ol7gxydCZAlC3ThJShBQrQbJVum/0ZKJIG4dIPfVVZvrt7SbUxELyG6/XlYd6YvFwuoRYDGjPaIyZpOPdgZ31sxltnMmG29XcKCgQ4zg0Nu+koQEbI7CL0ZqNv4J08k+ICBjNB4Fc+zdqjOy3w73TqOSaT4udFnyo+G+7nRmo7Ku1MiNXirEJMOpEVNmd2U0MHjxuyKFUS2sCuYraj0j/cqQ1x+scRGf3hKWwz9CxlyGrKLiPrM4oNaHuhl33JBR7jUmWH0RnrJAPq17Nfe9aw60mFod1N1K4DjqpTHF+Y+NldIhf4xUnFpyIWzVTgZUdKm6nIlTs1ovsyQYjWw6gDC5AhUcdXuiWkYQXTRrN/yqfVXd9Dl36RQVaf62ICAcWotGwV7x0mmZOexB25UPnulvrKQMe2DlOSaOwzSgQZluSHiQbu4c5DGciPbctSKQQi6YTg69k7mVhMb8qkQGU2tFwon0kwFajuDR5iYcgcQI4Uyq+Ieun5q6peYUzGXPl8+FPQmZi+3tMHEBDS65f3B+1x9Ree5mO6/ZwnFmxJXbhoFkFcTkkMPawiYMV4xHJy16Ij6fYqOTWIxrVZc+H1DSMmDK3vWH3PMjI6w6DXxCFo8eCdd8Wg8CyFy8jAi+dE0HFycD1vhQY5kchD2U5hxKx2tJZAi80zshHfQfj6nTMzBi6ihaj+FcQE78OahqTTi7YJyBLR0JhdZpxhOnNZ3fv90ZlJCupSY3ARy91zqfAhxjsJ5BECOIEky2v8e8u5ROsJdjEXfv+43uSRrbas5ii+f4NssAtWZXQNrloxjwy6zaY9YAvK1TiEmnBAOJicXYL6wiizccGK4ZifjwG3gcUqqDushivwaDyBbccI4vt5yGptY6N0OBykB53Fxlb+DqV6ix4Fq3LYrB+JMijhq0uiHPb2tk9nfh3r90oW+D0KA/LcbHqv+CLAYQvI1r1w3MSYzvN+ElD4jFOiWWMSIzcpoHj4el4Tsy6W0H/sP3zmchpEUgzK89YJtWvQtaGtlqQ+gOEPaDK64WEnyzwZ3Lej2Da5FSPLG3v9rz4ZS9iAm7gtLA0ljeo/bZo0TlgQP7gPuD/0b8JXTMrCXDxOMw46CRnkeXiNmMCNo1itcApFUmSWbDzlJFJsF2k51wsjU3dUTS7pRDPOwTAj9DvG6Y+nM2UlYqD95kf4v4cVcuYZT0yo7IB8Sg1BczVNYxqz2hNV5xBKv5ib/gFLPSlCNw8Z6tu+CQh7P1f8/3+J/hhTcOR8hyyV4EKKR5Ltbi5Z0TnoFdyefLRwXmZ8uAfaiUHtHFERM9/eOcYsRl0eai6aGlwCjkq1OUYQ/WnQZA2pPJ0gdwOHm34Vq4SWWt/7CvDdTyMOKLXfxMA1lXLHljMlbhdEsfm/46v5gi3wsYmqTaEF4MoXkXyJYa9P0+zeQIgnQiVbcfFnD/HNODBiYpdHAFB/GVA1Pww6fk1XsCjzeBJvTRJ3KmhlWPwcNu6tv8QNGnBAqDb5Fl3faiLNYoongUhJVIrXUj6XX2wbGr01Seg9PWmSHfjZW0HaJ53hM180etSlJc5oOMFvJn3DxHbbRC2R01+nBuki9adFzlsgwr57AJlSpoe9YKHwAHiM07akxjs6TuPqvKx0XQybu9tilYlnd2zOaCGGWbMvq5n3rk7smOjHDm1lOGwqEtBWoDdbA0KTfQUEyv8rGE2Ey05E01UaR/PNnP9YyPQ837iNUbg+sL7NiUhDlKq9JG2uhN0dijwwEDQbHzzZrTrAY4LhtrDawoTb6UilHbdNhDLS0DDB2FzRHBX3ZWJhSMDZ95XdA0O4vVgrMDz5uz1C18dWNxcMROAjH0JUv7BCKR57arFsVT2QVB1N/enyuvxIAfqFHjzUfxgddbYoLQCDbvliCFBnFsIj2bmHVE2w8FIOVyRy/IQbQNTa2I+c3/GSRTNhLqQnt3JZ4FjVRKXr2BUXbXi5utrtZ+mA/Apw4oca0/sggB9//cLzHVBSOl5oVOsvLVasmaaw4kMkj+Pksk7gh2QrGeZOM/iwEbiTckDFEUT4ariZ5WP42VEpbx1XWaqK5dPW+ZmUgPYzbV8fc6oYjT2zNkjGLQZnIojePOtRKxvuVjrzg28tFICYmJ2u9eAAqgEhIk9TUNHlq0Eul3y0vgbLTSXHJUEez9jT9mt+1jKnoo1qdp+V6KKXBTboxDTSfQLWAKsBqLtns/h7Jbu3Ecd772bj5kYCu2j5ZodHiRFyT2UfGWX1Zt/I7zSKORTKiY1dhSPv4G835kWToKx6Du618Pec3Iycc/1sEOFRfA8CgM5hUUTZf1dTFEodN9EUhof8yeV6bKz++qFRsmUAVmQ1XET888eS2Y8Y0czAz+ofZCpbjPGRnrUK7tol4JnbRBEmUz35wkcgsuSt0jByBtIV/tZi1UcFu8ueCxTKYosHbnqt1Az9BEAQUuv5kuTjNsb0XqsBPcXD7jycFbWbUkIvMvEXG9JrWFWrfjB708UraqCRJM0NypcF+NPUaYwsW4arJwkc8Smd36Wf4BgcK+lXEyfppaZiicycybY8bJXNX/Bvs//KTlYo0SZTdmzqq0mLWd7GhuWYeLM1JMCFSa/01Wdg81Bgc08Qn4ThLB21OFXdmGGIRXYBO+8M/rBFqNwHyiHVRYh6SQRu+7A5cDLH9z+bH3EpMEjMtVDcE7xAnMY+ZyWjKoIJX0yNFpjBZsCUsHSwn1SOhvdKisrmHJENkykXOypEoN4FfwRVW4biOjQ5yBBDeA+4P8DfwNGyixl3nYDfom+UaADAES1pzo6JzTImTtdfW041Wzxe1Q6eP9ooXbKVEKZlBfTxSHV0m3iLZR2cPUd8L2XeJ5OqPbVO6XkpSPDBXqf5LaHWCK8mHzigQNNKB/KG1tnDXlvQ2EijW+zy4+dU5rRSj94/izXcN8YufTkpfoEhePf3trrYZjh/6eB2Kp/L1vioY5QSlIk9MwkJdFJ+PNCzfrjs0LjqaxrzlkpoRZNEBOOAshh7cmJPuTx6ks6B3VSNGvED1a/TwD2i4OJwOygDYeC+GhvdjWiNfv3FOXv8df+EliHltth5T06zwcuHnT7k4pcCSVHMq70DaayFnj3DVc9lr7UeBmRi8HgfDDtyJCGQmpct+Mntth93eSO7DF8a6lkogHLWueNFMtCYRO1FkBYDusNHZM6y6RSndSm4dOCEWAuwgKf7zKOu6R70BgVpR8wBRNSGalwmedEOycmEt5Zlk/LkkzM7BOJiXHGdxS5+9ZAiJXBcjjZXICzqP/s81XEZAUu8v0mjtRI16ULCpThxmjrhCU2P4s+xLmHuE1ymqbTHfPoGmASsMxgmY+uCad2lpuLUsbTSguW1dNjHBHBxYFYlWsf8eaPWcXTWi0deUEy1nVFKyPxR/iNbVL0zjyS9uUG/D0nZ5f7Y3UkCgSFuUvzZEUhmgO/+ddH85i//TfmzW4pp6qxjA93WbSrT+O3QlKTXLdBFWfoPyVBjTvw+hjtazzRKm2yKGJLSxZXYBDKddj8hO18hRclTlPham1BFLHljgrGxpz812k26Z41Fj44dnsqFkS30yJL//gkD1TG7TqejhuN0Dl+JTFE+HXBQaVJj/1/VAbHDENZB9eiGx8n56ts9xKkus3KHBtAv7zCOtjboEpKE3BiJ169uA3ulYsiDz326FLljXzyoEMuoW7l59bsXUNAf9vJ+6Xxb1UgeW9mi685imC6y+jLBeAs289QIX8h+iI/o37njoj9GnxkJQbGj30xh5i94lVfmJfXY01JYy/oT75Hf6TfsckOWn8HUyM8kqHpvE6Qxzhm+/3RH8aqCYqSdOOHer++ICHXEV+X1pWXmVrduBnVkQmowdeVACbg3EZYSLzmslDkzgkbb2Qn3J9pxfBHd2kiRDebiSE5ovC496l8nnyEL3JAN+lCDmNzWuOsvrN2AdlcAQznOqSLk/8pi4FkdvfgQJdkCQgS5mPhwfHJV7yN+fphN2jQ6CBBHSA+4P/DP4N7Mcw/s1CYz46y9RkWqcD8ucSTDD/5JyjR2uyxzqtsxazIVzP+Bq9wUJTiJUm6TlXe3YA142nESYVA2ihgt2kJFwUQY+fXpGUBDjVbHgtRU9Jk2Lo0JPzw1deHTnCdhRzW4Zg9mDGrZYSVVcCau/dX9pVgqiyCKyh0J3YZLU4s/APtxYK2m960rbgDBesmAmJeROjRZPH/+N1VgFLetDPBpLSQX23Vcw5EGIlwg/nxKhlJ7/6PflBoe9gHL5ppM0zOSy8gsTS+u8NMsnjKXF37Qg0UoAGXfDkWKIGm4ukIKsl9v5KOB2n2eH3X+V2QsjrHJHtbvmcV1Q3iI12wuEEljQtPJYwW2lLyh3v0PaAu2msCvx/OIAg8Fzmh4F9/Xg96shhiByFuF2diC2fjxUzQmwK1FO531PFop9E/1TFYVLGkonG7IFt5tbSjj0j8KnPdIqwg5R1wF9kJVxaAUdLqaxbMFKL9oHqKlVQZzjMo/GrW+tVA3k+7/cctki254+I5g8Kq5eDBsxYyzk9+vTUHDSQDJuliXCShMR611eNJj2GVoBrSuddxvwYnp1R3LvS/gDehBaeLGPToULHec3cJ/jJRbHJzhAfkihhoXXSWQ8DEI036sHCSSWtKzKF+j+CrbyAnU3aRlyq+MVFU5kffnwduGQsPDYp+5xH2lm7q+SRU1ImQLYIcULynrnGdpozdLIRGyWETNaDW1AEDQs8YK5Zo3iIA0I72BmpH27jfIMyHpCcntSxLwh5UkYGuT3tFSFZFSL9hbjFeZwi0bPC+V9M3kQMKJQGsyFLe1FSMQNK76k10wUIcqFhU8yfyFW6mudJ27EHnO3gt0pVz4IJTql+tWFonvgQx7FEaFhfRWufvr+TsK9XwY3y+0ypHLCAdR8Ct6qMrCOPnuL2tHN5tfq+j4y7aZz0Gvk0EkXqxe4GBalkmPW2TpuTPnSZl2Cae8VBopAPRXfp7sdqVlQxp6oMgTUlWRFMIeU7ApRsrT1lvMmtgb4vyXf1hcxQytmGgO3P9CzjJ/Vq6Fh6gb7J2xhrZZtgtI2h/YWFZgRW9V8zUmnbHwJv+FoOJRHxCn9tUycIYqza9zQnVwMWWAvH/Nj8L4mlVxXmFTUpaNb3Y/1JjjUZ4P6618sJA8d3ZDXvqCVLscjP4etRJfuSwLdekw/jSFWOY788/uwxeRQ2xNVlo/yptQmWYZoTYhywWTW0eiYkc2U7o0QvgQSvgPuD/TD+DnQ/enNp/EL59Gp2rxweDYaQSBOnzCETK/ecb2iU8v6kdM6Lt7RgDHUZaeM5ZavvSfRtgvZhlwxS02GpIrpWExK0id/FDNVpYZUkX49V5UF/nugS8reIte/joFX9LeZmoIqFjbprKd8vrZXubiC4A4dYlOVGuPxZrrwjz1OLTZs9tUvj2w4kIaa3esKx+L1gDfHcSfB29zKVdWUvN7Ho49ClEDs8l4f/MuoB5/cca59L7DHkTMvGVtm7YSMMw8mtvMEMZ0WGnMwSaUPkX+2064zkyP0lREvGJtXHnC/QGEIMtcMpJ6Nns2PmlCBGdOllfrNmYu8Ueqq1l2k8A+vBsW9Z8uaJm5uFBaWe8RAju1cM1B+liEXyE3tjFe9TsWMRYUhtskiFrKQM89d6RZEwgISjUurJrBqNMYMBMTi7WZo4sI+3h5YNnF5VyUKb54eXAYSMc5Wu30TOFqhiiik07vfur+G6bUcbl2OzwuAlvwgwDqVM4rHWu2yed/Io2ZluAaJIT7mmwYg94BLa6ilHtShBXY/dUeKP5zR8a7FuQY0GX80Pc6GSXSx7j+ZykpH/HxWjR2yzJ4QkUTVRQJY+zkBdRjwO/Mr/ShjsgsxMs+h0NDkMZ9Hk6XDIMIcR8eXBCgqfOZwqs51bwHs6rWUzAZHcCoBuHtQYoRqBv2ZSnL7cs6nYK5gTpeCMK4aB7OUbhp1K0i0/yOY19m3q0TROwzmnTOzFaRZyxVkC6HDZEDp0X8OzjS4iV9z9htTQHSsQ2gyOmL8oWw3NbmZAwXLrbm0TF70OL0Hikixtj2GIxG0YHNLrBmrbw3I5QzXZ6HhhPYJ8yvz7jeZ0M/IgC6l4VUEk0KCkLivCzpEEG8nj8olej3A9HaKcQ2viw+WKV4TTSNPSFAo7NXA80mQmZLqiYX2zqL9kMTaw+fZ6gOcuy2mIHpd9rGM/TLeURIdmOwEU6KVtnXG19Z8H/yXvASrYGZ5ykTAoLA6lPCtnLxl0W5bIe2LLO/Z+AnN2ul2A9Hp88h30kDU7P96ngP9YCXUBl2OLwUFBuFdOJHafPPiwmujC4RBC2Xjs4fQzaZDG4aRnfq7ZbwbEumWKaCcyMoCa2bSmyxln1OoA3kw058Nrz/YD0y9YIFDtYc3Ybpc5/aFzy9wqw21HoSdMY2ghADbcpnBF3EuDli2oPusk0Mmqhw/xjAF+cV3OzP7WdSb7HpRnRPWj4+lz48WEyUqvlOVPCmSItIWRu6ECweurTB+Yz+F5zN4nHwAP/SIdaTM3xtrwRncJocOsElVMhKtwPSDOR1gLaGs80Dm5ZvC7DJfsGP7hvDGNeTbN3zDNpbpECY7aQt4kmyaqPtR1lxb//kGBX6TMLDjDkVYd8PiBxo+HcWW+Cztxq47Y3/+BKrSNkJUWFfOMH1zuo0OkgQTrgPuD/g3/DTzqfFNqOY8kqb1ejus7+HNAyGLe9BlVFORpTtrg43PWcets3CyzBqsqUJpZz+IhPu8VtiROL/Y46C88ltvxa9Fd+ZOEatfO4BhZgn8dhhgu/q9t/5CDmo5Pb5qrbNslBsQVOgfhShqeoF+2Bxyai9UiaQd9vzG/Ifppb7TLYwQxWbjRjQYwog99vrwcxnnh75OzUUuB/GEn03ZGmzDjtrocvcJt2mte2DMn7g96l7ByYrlpAN3RDF3wd9r1l1jg6jk99Nlq6j4oIDgvIdX5E0Q+lMnMX1BSYf043kDaVLovh34oi4RBNnQSKl0dyPCRCS0MSJG0/nnhn52ZtD2CB8CPrxDUWhNrOsDbW6vvWs1PPfbjJk5ly6kN9Vn3pSsrPZ8JalLLq25WF0cJvr8bQEZrSj44QyoL8/rcRBfDA42TdsS1WrMtGu2NVZG7tJ8TXVucp+g9UvTUpc6ibtQEFYpOhpd7Uo/2ZPGnwQwHVUuOenzmlvajtUzUl6HOENaCK0yGmJZwUolzWXNAcOd5VEnSuV3QSsqbFNRKgJkccRD/eD+X1SvgJ8u6W+2EYVJkWXw/1WolcWGQhm1pKcu2vBDAJQLp9GOlKZALwNooTZKN3/yj1ttHqIN9x9bMUyeg4c93u85sxigzs9wlKSiBGFL5P4DBy2tVC4ifGx1lUCRoeIoD4d/HNRB8BiztdjnaLSHQbp8xEniGkDYG1GOyJrIf/nble/RAcQSa+iYmXjzAW7LeUgEq1Y7B0d5xfj04cXJ07fa88BVuHN0uFOICFGk9PVYiY9RGKSvj8EwyvufBIDKbTH08ABkibWf7K2MmYUSs4cWt9Mvw+d9DeuJUDHq3375wr4kFUWJL5mZJUKK/P10BQ0jkEdRPfI2fOnjKl1I4yN46g4Yoe6DgjiVB179BTxf9+1s3gFAl3pBkOvDyywlSYVnkdED4PGotT+Q/fQ5Sjh15SsY9wiqdoFjbzqoWmt4NHqOP98yAhNwZTNGzYmJHUlklwLV2ts6gT5Ergj/YZvbTLfM7uW110PzbQq8GMvj9tmNLrFD30E6hMa2EcJhdeT+gOyELP0i6yZIRIB/m2HIBQcFDx7zj6MnEHYEHabta6mzKA61BxDPinWb8/nSFnBe3Kq6AYNpbmNr+L1QZDVblN9Bq0SggaSTA8uTkEf6b4qMrRjX6vAq/TYdDe3rjEu3cS89Q434q4WSH8i4lQ1QsBWBOLPA=","6"
"","","","","","instructions","15","47230","0.0-7.0","p37mvlhrwor3was","[]","5633","","[{""page_index"":0,""viewing_time"":5633}]","","",""
